제목, 아티스트, 앨범
Alone Again (Naturally),Gilbert O'Sullivan,The Best Of Gilbert O'Sullivan
Kiss Me More (Feat. SZA),Doja Cat,Kiss Me More (Feat. SZA)
Christmas Without You,Ava Max,Christmas Without You
Sundays (Explicit Ver.),Emotional Oranges,The Juice: Vol. II (Explicit Ver.)
1-800-273-8255 (Feat. Alessia Cara & Khalid) (Explicit Ver.),Logic,Everybody (Explicit Ver.)
SICKO MODE,Travis Scott,ASTROWORLD
Woodlawn (Explicit Ver.),Amine,Limbo (Explicit Ver.)
Riot,XXXTENTACION,Riot
Compensating (Feat. Young Thug) (Explicit Ver.),Amine,Limbo (Explicit Ver.)
RNP (feat. Anderson .Paak),Cordae,The Lost Boy
Perfect,Logic,No Pressure
Good Thing,Zedd,Kehlani,Good Thing
Symphony (Feat. Zara Larsson),Clean Bandit,Symphony (Feat. Zara Larsson)
Like That,GRACEY,Alexander 23,The Art Of Closure (Explicit Ver.)
I'm Good,Wafia,I'm Good
ME! (Feat. Brendon Urie),Taylor Swift,ME! (feat. Brendon Urie of Panic! At The Disco)
That's What I Like,Bruno Mars,24K Magic
Some Nights,Fun.,Some Nights
Stronger,Kanye West,Graduation
Jail,Kanye West,Donda
Leave The Door Open,Bruno Mars,Anderson .Paak,Silk Sonic,An Evening With Silk Sonic
Smokin Out The Window,Bruno Mars,Anderson .Paak,Silk Sonic,An Evening With Silk Sonic
Rebirth (Feat. Ashley Apollodor),Rezonate,Rebirth
Frontin' (Feat. Jay-Z),Pharrell Williams,The Neptunes Present... Clones
Juicy,The Notorious B.I.G.,Greatest Hits
Super Trouper,ABBA,ABBA The Definitive Collection
Gimme! Gimme! Gimme!,ABBA,ABBA Gold(Greatest Hits)
Flashlight (From "Pitch Perfect 2" Soundtrack),Jessie J,Pitch Perfect 2 (Original Motion Picture Soundtrack)
Suit & Tie (Feat. Jay-Z),Justin Timberlake,Suit & Tie (Feat. Jay-Z)
This Is What You Came For (Feat. Rihanna),Calvin Harris,This Is What You Came For (Feat. Rihanna)
21 Guns,Green Day,21 Guns (Int'l Maxi Single)
If I Ain't Got You (Feat. Usher),Alicia Keys,If I Ain't Got You
Rather Be (Feat. Jess Glynne),Clean Bandit,I Cry When I Laugh
Sexual (Feat. Dyo),Neiked,Sexual
Trip,Ella Mai,Ella Mai (Explicit Ver.)
Caroline (Explicit Ver.),Amine,Good For You (Explicit Ver.)
With the Cigarette (Feat. 수인, 도넛맨),SUDI,장난감 병정
Almost Is Never Enough,Ariana Grande,Yours Truly
Homicide (Feat. Eminem) (Explicit Ver.),Logic,Confessions of a Dangerous Mind (Explicit Ver.)
I Learnt Some Jazz Today (애플 에어팟 광고배경음악),Tessellated,I Learnt Some Jazz Today
Lucid Dreams,Juice WRLD,Lucid Dreams
Moonlight (Explicit Ver.),XXXTENTACION,? (Explicit Ver.)
Can't Feel My Face,The Weeknd,Beauty Behind The Madness (Explicit Ver.)
Astronaut In The Ocean,Masked Wolf,Astronomical
Old Town Road,Lil Nas X,Old Town Road
INDUSTRY BABY,Lil Nas X,Jack Harlow,INDUSTRY BABY 2.0
Nas Is Like,Nas,I Am...
No Love to Be Found (Remastered Version),Michael McDonald,The Ultimate Collection
My Sunrise,Ruti,All at Once
Strangers,Roosevelt,Strangers
Take You Higher,LEISURE,Take You Higher
Smile,Judy Garland,Smile
Do The Bartman (De 'Los Simpson'),La Tele Pandilla,Canciones de la Tele
Windowpane,Mild High Club,Timeline
Just A Gigolo / I Ain't Got Nobody (Medley / Remastered) (Feat. Keely Smith & Sam Butera and The Witnesses),Louis Prima,20 #1's: Lounge Classics
Killshot (Slowed + Reverb),Magdalena Bay,Killshot (Slowed + Reverb)
Hard To Tell,edbl,Carrie Baxter,Hard To Tell
rubberband,Tate McRae,rubberband
drivers license (Explicit Ver.),Olivia Rodrigo,SOUR (Explicit Ver.)
Rocketeer,Stephanie Dan,Love To Love Acoustic
Long Nights,Shiloh Dynasty,Long Nights
Everybody Dies In Their Nightmares,XXXTENTACION,17
Tomboy,Destiny Rogers,Tomboy
My Universe,Coldplay,방탄소년단,My Universe
Mine,Taylor Swift,Speak Now
Look What You Made Me Do,Taylor Swift,reputation
So Am I,Ava Max,So Am I
Sweet but Psycho,Ava Max,Sweet but Psycho
Kings & Queens,Ava Max,Heaven & Hell
Blow Your Mind (Mwah),Dua Lipa,Dua Lipa (Deluxe)
IDGAF,Dua Lipa,Dua Lipa (Deluxe)
Levitating (feat. DaBaby),Dua Lipa,Levitating (feat. DaBaby)
헤픈 우연,헤이즈 (Heize),HAPPEN
바람이나 좀 쐐 (Feat. 우혜미),개리,2002
Someday (피쳐링. 윤도현 Of YB),리쌍,Unplugged
겸손은 힘들어,리쌍,Unplugged
AH,애프터스쿨,New Schoolgirl
너 때문에,애프터스쿨,너 때문에
뱅(Bang) !,애프터스쿨,Bang!
Diva,애프터스쿨,Diva
유리구두,프로미스나인,fromis_9 PRE-DEBUT SINGLE
Midnight Circus,써니힐,Midnight Circus
두근두근,써니힐,최고의 사랑 OST Part.3
베짱이 찬가,써니힐,The Grasshoppers
Goodbye To Romance,써니힐,Antique Romance
What is Love?,TWICE (트와이스),What is Love?
Alcohol-Free,TWICE (트와이스),Taste of Love
수취인불명,매드 클라운x이해리,싸이월드 BGM 2021
Chocolate Love (Retro Pop Ver.),소녀시대 (GIRLS' GENERATION),Chocolate Love
랄랄라 (Feat. 소야),마이티 마우스,랄랄라
사랑이 올까요 (With 백지영),마이티 마우스,백지영,사랑이 올까요 (Digital Single)
에너지 (Feat. 선예),마이티 마우스,Energy
전원일기 (田園日記) (Feat. 이단옆차기 & 태운),티아라 N4,전원일기
Bo Peep Bo Peep,티아라,Absolute First Album
왜 이러니,티아라,왜 이러니
처음처럼,티아라,Absolute First Album
Lovey-Dovey,티아라,Funky Town
너 때문에 미쳐,티아라,Breaking Heart (Repackage)
TTL (Time To Love),티아라,초신성,TTL (Time To Love)
DAY BY DAY,티아라,DAY BY DAY
Roly-Poly,티아라,존트라볼타 워너비
SEXY LOVE,티아라,MIRAGE
녹는 중 (Feat. 버벌진트),다비치,녹는 중
사고쳤어요,다비치,Davichi In Wonderland
나의 오랜 연인에게,다비치,나의 오랜 연인에게
시간아 멈춰라,다비치,Innocence
두사랑 (Feat. 매드클라운),다비치,두사랑
이 사랑,다비치,태양의 후예 OST Part.3
그냥 안아달란 말야,다비치,그냥 안아달란 말야
거북이,다비치,Mystic Ballad Part.1
안녕이라고 말하지마,다비치,Love Delight
너에게 못했던 내 마지막 말은,다비치,너에게 못했던 내 마지막 말은
원더우먼,씨야,다비치,티아라,원더우먼
여성시대,씨야,다비치,티아라,여성시대/영원한 사랑
그 놈 목소리,씨야,See You Again
여인의 향기,씨야,See You Again
미친 사랑의 노래,씨야,See You Again
사랑의 인사,씨야,See You Again
Lonely Night,부활,불의 발견
비와 당신의 이야기,부활,새벽
사랑비,김태우,T-Virus
YOU AND I,박봄 (Park Bom),YOU AND I
Let's Go Party,2NE1,2NE1 1st Mini Album
Hate You,2NE1,2NE1 2nd Mini Album
I Love You,2NE1,I Love You
그리워해요,2NE1,그리워해요
Can't Nobody,2NE1,To Anyone
Come Back Home,2NE1,CRUSH
내가 제일 잘 나가,2NE1,내가 제일 잘 나가 (Digital Single)
Fire,2NE1,Fire (Digital Single)
Lonely,2NE1,2NE1 2nd Mini Album
UGLY,2NE1,2NE1 2nd Mini Album
Go Away,2NE1,To Anyone
A,레인보우,A (Digital Single)
숙녀가 못 돼 (Damaged Lady),카라,4th Album 'Full Bloom'
Honey,카라,Honey (Special Edition)
점핑 (Jumping),카라,점핑
맘마미아,카라,카라 (Kara) 6th Mini Album 'Day&Night'
Pretty Girl,카라,Pretty Girl (2nd Mini Album)
미스터,카라,Revolution
루팡 (Lupin),카라,루팡 (Lupin)
STEP,카라,KARA 3rd Album STEP
굿밤 (Good Night),DIA (다이아),선물
나랑 사귈래,DIA (다이아),YOLO
피노키오 (Danger),f(x),'피노키오' f(x) The 1st Album
Hot Summer,f(x),'Hot Summer' f(x) 1st Album Repackage
4 Walls,f(x),4 Walls - The 4th Album
Electric Shock,f(x),'Electric Shock' The 2nd Mini Album
NU 예삐오 (NU ABO),f(x),NU 예삐오
첫 사랑니 (Rum Pum Pum Pum),f(x),'Pink Tape' f(x) The 2nd Album
Love Song,미쓰에이,Colors
남자 없이 잘 살아,미쓰에이,Independent Women pt.Ⅲ
Hush,미쓰에이,Hush
Good-bye Baby,미쓰에이,A Class
다른 남자 말고 너,미쓰에이,Colors
Bad Girl Good Girl,미쓰에이,Bad But Good
Like this,원더걸스,Wonder Party
2 Different Tears,원더걸스,2 Different Tears
Be My Baby,원더걸스,Wonder World
Why So Lonely,원더걸스,Why So Lonely
So Hot,원더걸스,So Hot
골목길,버스커 버스커,버스커 버스커 1집
기다려주세요,버스커 버스커,버스커 버스커 1집 마무리
그대 입술이 (With 채지연 - 풋풋),버스커 버스커,버스커 버스커 2집
소나기 (주르르루),버스커 버스커,버스커 버스커 1집 마무리
밤,버스커 버스커,버스커 버스커 2집
골목길 어귀에서,버스커 버스커,버스커 버스커 1집
어쩌다 마주친 그대,버스커 버스커,슈퍼스타K 3 Top11 Part 4
네온사인,버스커 버스커,버스커 버스커 1집 마무리
서울사람들,버스커 버스커,서울사람들
이상형,버스커 버스커,버스커 버스커 1집
그댄 달라요,버스커 버스커,슈퍼스타K 3 Top11 Part 6
외로움증폭장치 (브래드 드럼 한판 쉬기),버스커 버스커,버스커 버스커 1집
전활 거네,버스커 버스커,버스커 버스커 1집
막걸리나,버스커 버스커,슈퍼스타K 3 Top11 Part 5
향수,버스커 버스커,버스커 버스커 1집
사랑은 타이밍,버스커 버스커,버스커 버스커 2집
잘할 걸,버스커 버스커,버스커 버스커 2집
동경소녀,버스커 버스커,슈퍼스타K 3 Top11 Part 1
정류장,버스커 버스커,슈퍼스타K 3 Top11 Part 3
비가 오는 날엔,비스트,Fiction And Fact
피어나,가인,Talk About S.
체념,빅마마,Like The Bible
할렐루야,BIGBANG (빅뱅),아이리스 OST (Part 3)
Lollipop,BIGBANG (빅뱅),2NE1,Lollipop (Digital Single)
천국,BIGBANG (빅뱅),Stand Up (2008 빅뱅 3rd Mini Album)
맨정신,BIGBANG (빅뱅),D
WE LIKE 2 PARTY,BIGBANG (빅뱅),A
붉은 노을,BIGBANG (빅뱅),Remember
LOSER,BIGBANG (빅뱅),M
우리 사랑하지 말아요,BIGBANG (빅뱅),E
IF YOU,BIGBANG (빅뱅),D
BAE BAE,BIGBANG (빅뱅),M
LAST DANCE,BIGBANG (빅뱅),MADE
에라 모르겠다,BIGBANG (빅뱅),MADE
FANTASTIC BABY,BIGBANG (빅뱅),빅뱅 미니앨범 5집 'ALIVE'
BLUE,BIGBANG (빅뱅),빅뱅 미니앨범 5집 'ALIVE'
꽃 길,BIGBANG (빅뱅),꽃 길
뱅뱅뱅 (BANG BANG BANG),BIGBANG (빅뱅),A
마지막 인사,BIGBANG (빅뱅),Hot Issue
Heartbreaker,G-DRAGON,Heartbreaker
My Style (Hidden Track),브라운아이드걸스,My Style (Hidden Track)
Abracadabra,브라운아이드걸스,Sound G.
Sign,브라운아이드걸스,Sound-G Sign
Love,브라운아이드걸스,With L.O.V.E Brown Eyed Girls
Sixth Sense,브라운아이드걸스,Sixth Sense
어쩌다,브라운아이드걸스,My style
해바라기 (Feat. 써니사이드 MJ),가비엔제이,해바라기
네가 없는 하루,홍이삭,네가 없는 하루
42,소낙빌,42
떡상 (Feat. 양중은),영릴빅,떡상 - Single
우리 (Feat. 미노이),펀치넬로 (punchnello),우리
sunbeam,meenoi (미노이),sunbeam
너답기기안 (너의 답장을 기다리다가 기분이 안좋아졌어),meenoi (미노이),너답기기안 (너의 답장을 기다리다가 기분이 안좋아졌어)
busy guy,meenoi (미노이),DA DA!
DA DA! (Feat. pH-1),meenoi (미노이),DA DA!
우리집 고양이 츄르를 좋아해 (Feat. 염따),meenoi (미노이),우리집 고양이 츄르를 좋아해
DOOL,meenoi (미노이),Dingo X meenoi (미노이)
낭만이 필요해,이아람,낭만이 필요해
불티 (Spark),태연 (TAEYEON),Purpose - The 2nd Album
조금 늦은 이야기,이주영,이주영
내게 가까이 붙어 걸어줄래,초승 (CHOSNG),내게 가까이 붙어 걸어줄래
휴학생,프리든 (FR:EDEN),휴학생
누군가의 마음이 되면,예빛,누군가의 마음이 되면
동화(冬花),허지영,동화(冬花)
연어와 가시고기,신예원,포커스(Folk Us) Final
사진,엔분의일 (1/N),사진
스며든다,박필규,스며든다
우리가 듣던 노래,시하,연애의 참견 시즌3 OST - Part.29
나방,레이디스,나방
사랑에게,이오늘,사랑에게
책갈피,신문수밴드,책갈피
Just The Two Of Us,Cyrille Aimee,Diego Figueiredo,Just The Two Of Us
내입술...따뜻한 커피처럼,샵,Smart & Smooth
내 손을 잡아,아이유,최고의 사랑 OST Part.4
Another Day Of Sun,La La Land Cast,라라 랜드 OST
Kissing A Fool,Michael Buble,Michael Buble
Unforgettable - (With Natalie Cole),Nat King Cole,The Unforgettable Nat King Cole
My Kind of Woman,Mac Demarco,2
하늘을 달리다,이적,2적
Don't Stop Me Now,Queen,Greatest Hits (2011 Remaster)
소년을 위로해줘 (With Verbal Jint),키비,People & Places
Poupee de cire, poupee de son,France Gall,Waxy's Baby Doll, his Baby Doll
Débranche,France Gall,Evidemment (version standard)
Viens je t'emmène,France Gall,Dancing Disco (Remasterisé en 2004) [Edition Deluxe]
Message Personnel,Francoise Hardy,Message Personnel (Version Deluxe)
오늘은 가지마,벤,오늘은 가지마
Stranger In Moscow,Michael Jackson,HIStory: Past, Present And Future, Book I
어딘데?,팬텀,Phantom City
시간과 낙엽,AKMU (악뮤),시간과 낙엽
니가 없을 때 (Feat. Zion.T),인피니트H,FLY HIGH
멘트 (Feat. 개코 Of Dynamic Duo),ILLSON,멘트
별이 빛나는 밤에 (Feat. 강선아),매드클라운,Anything Goes
긴 꿈,새소년,긴 꿈
Beyond The Wall (Feat. Supreme Team),다이나믹 듀오,Ballad For Fallen Soul Part 1
오랜만에(디깅클럽서울 Ver.),죠지,온스테이지 디깅클럽서울 Part.01
홍연,안예은,안예은
문어의 꿈,안예은,ㅇㅇㅇ
Drive(Feat.죠지),김현철,김현철 10집 "돛"
Orange Road (with YUKIKA),Bronze (브론즈),Aquarium
선 (Line),김아름,Lonely
Brown City,브라운 아이드 소울,Soul Free
널 부르는 밤,나얼,Sound Doctrine
1219 Epiphany,버벌진트,누명
이력서,다이나믹 듀오,Taxi Driver
Lonely Night (Feat. 화나),MSG,Lonely Night
Airplane Music (Feat. Basick, Rimi, Beenzino, Fana＆San E),The Quiett,Quiet Storm：A Night Record
Plastic Love,Takeuchi Mariya,Expressions (Streaming Ver.)
잘 자, 안녕,CHEEZE (치즈),잘 자, 안녕
Piazzolla : Adios Nonino (Tango Rapsodia) (피아졸라 : 잘가요, 할아버지) (김연아 2014 소치올림픽 프리 프로그램 곡),Hector Ulises Passarella,Luis Bacalov,Myung-Whun Chung (정명훈),Orchestra Dell'Accademia Nazionale Di Santa Cecilia,The Queen On Ice (김연아 2014 소치올림픽 프로그램)
Our love is here to stay,Ben Webster,Stormy Weather
Englishman In New York,Sting,The Very Best Of Sting & The Police
우산 (Feat. 윤하),에픽하이 (EPIK HIGH),Pieces, Part One
죽일 놈 (Guilty),다이나믹 듀오,Band Of Dynamic Brothers
잠 못 드는 밤 비는 내리고,아이유,꽃갈피 둘
롤린 (Rollin'),브레이브걸스,Rollin'
호기심,한스 밴드,한스밴드 2집
사라져가는 것들,짙은,사라져가는 것들
Samba Em Paz,Caetano Veloso,A Night In Brazil
All The Love In The World,Liam O'Kane,Soprani(With Liam O'kane)
Moments,Christopher,열여덟의 순간 OST Part.1
Side To Side (Feat. Nicki Minaj),Ariana Grande,Dangerous Woman
생상스 - 동물의 사육제 13. 백조,Various Artists,아름다운 드라이브 클래식
쇼팽 - 녹턴,Various Artists,아름다운 드라이브 클래식
차이코프스키 : 호두까기 인형 중 "꽃의 왈츠",Bolshoi Theater Symphony Orchestra,클래식 오디세이 Gold
드보르작 : 교향곡 9번 "신세계로부터" 4악장,London Philharmonic Orchestra,클래식 오디세이 Gold
라 캄파넬라,Various Artists,교육용 클래식 2
I Don't Care,2NE1,2NE1 1st Mini Album
그날에 우리,어반자카파,[01]
내 마음에 주단을 깔고,이승윤,싱어게인 - 무명가수전 Episode.9
180도,벤,180˚
살짝 설렜어 (Nonstop),오마이걸 (OH MY GIRL),NONSTOP
Forever Young,BLACKPINK,SQUARE UP
구애 (求愛),선우정아,구애 (求愛)
Therapist (Explicit Ver.),Mae Muller,Therapist (Explicit Ver.)
parachute,John K,love + everything else
편한가봐,윤하 (YOUNHA),3rd Album Part.B 'Growing Season'
Like A Star,Corinne Bailey Rae,Corinne Bailey Rae (Special Edition)
가을밤에 든 생각,잔나비,잔나비 소곡집 l
Your Side Of The Bed (Feat. Eric Nam),Loote,Your Side Of The Bed (Remixes)
Frozen,Sabrina Claudio,About Time
비처럼 음악처럼,김현식,김현식 뮤직 드라마 Vol.1
Jam & Butterfly (Feat. Crush, eaJ),DPR LIVE,Jam & Butterfly
Ring Ding Dong,SHINee (샤이니),2009, Year Of Us
줄리엣 (Juliette),SHINee (샤이니),'ROMEO' The Second Mini Album
Lucifer,SHINee (샤이니),The 2nd Album 'Lucifer'
누난 너무 예뻐 (Replay),SHINee (샤이니),누난 너무 예뻐 (Replay)
Dream Girl,SHINee (샤이니),SHINee The 3rd Album Chapter 1. 'Dream Girl - The Misconceptions Of You'
Sherlock.셜록 (Clue+Note),SHINee (샤이니),'Sherlock' SHINee The 4th Mini Album
View,SHINee (샤이니),Odd - The 4th Album
스며들어 (Feat. THAMA),에이민,스며들어
달콤한 여름밤,디에이드 (The Ade),달콤한 여름밤
시간이 필요해,메리스윗카페,Recipe
사진,모노그램,사진
꿀차,우효,꿀차
돌멩이,위아더나잇 (We Are The Night),이 밤에 판타지
영웅은 어쩌다 평범한 인간이 되었나,우리같은사람들,영웅은 어쩌다 평범한 인간이 되었나
josee!,데이먼스 이어 (Damons year),josee!
yours,데이먼스 이어 (Damons year),yours
IF I,Wynn (윈),IF I
멀어지지 않게,OuiOui (위위),멀어지지 않게
Walking in the Moonlight (Feat. 다원, Lazier),서교동의 밤,Walking in the Moonlight
아껴줄게 (Prod. L-like),죠지,SUMIN (수민),L-like (엘라이크),TAKE CARE with KozyPop (위드코지팝 X 죠지, 수민, 엘라이크)
잊어버리지마 (Feat. 태연),Crush,잊어버리지마
너는 어떻게 (Feat. 백예린),구원찬,너는 어떻게 (Feat. 백예린)
Good Morning (Piano by is Onl),Keysmoa,Piano Society.1
비록 멀리 있지만 (Piano by 백인준),Keysmoa,Piano Society.1
효월(曉月) (Piano by 하루),Keysmoa,Piano Society.1
Candlelight (feat. OHHYUK),Sunset Rollercoaster 落日飛車,SOFT STORM
Overlove,Sunset Rollercoaster 落日飛車,SOFT STORM
Baila,Summer Salt,Baila
ai,데이먼스 이어 (Damons year),HEADACHE.
These Foolish Things,The Bill Crow Quartet,Jazz Anecdotes
From Birdland To Broadway,The Bill Crow Quartet,From Birdland To Broadway
Fools Rush In,The Bill Crow Quartet,Jazz Dictionary F
Broadway,The Bill Crow Quartet,From Birdland To Broadway
Break Away,빅마마,Like The Bible
Checklist (Feat. Chromeo),MAX,Checklist (feat. Chromeo)
When You Wish Upon A Star (From Walt Disney's "Pinocchio") (Inst.),Dave Brubeck,This Is Jazz #3
Plastic Beach (feat. Mick Jones and Paul Simonon),Gorillaz,Plastic Beach
Almost Like Being in Love (From Brigadoon),Chet Baker,Jazz Master (A Special Selection of Original Songs)
Spirit (영화 ‘라이온 킹’ 2019 OST 수록곡) (From Disney's 'The Lion King'),Beyonce,Spirit (영화 ‘라이온 킹’ 2019 OST 수록곡) (From Disney's 'The Lion King')
나는 오늘을 살리,WELOVE,WELOVE ON THE RIVER
exile (Feat. Bon Iver),Taylor Swift,folklore: the long pond studio sessions (from the Disney+ special) (deluxe edition)
Part Of Your World (From "The Little Mermaid"),Jessie J,We Love Disney (Deluxe)
Colors Of The Wind (From "Pocahontas"),Tori Kelly,We Love Disney (Deluxe)
Friend Like Me (From "Aladdin"),Ne-Yo,We Love Disney (Deluxe)
Beauty And The Beast,Peabo Bryson,Celine Dion,Disney Magic (A Collection Of All Time Favorite Disney Hits)
afterthoughts,renforshort,CLOUDS (Music From The Disney+ Original Movie)
Waste My Time,Grace VanderWaal,Waste My Time
Linus And Lucy,Vince Guaraldi Trio,A Charlie Brown Christmas [2012 Remastered & Expanded Edition] (Remastered & Expanded Edition)
Mam'Selle (마드모아젤),Masahiro Sayama Trio,After You
Romantic Holiday,lofi,j a z z y  c h r i s t m a s
Christmas Is Coming,Vince Guaraldi Trio,A Charlie Brown Christmas [2012 Remastered & Expanded Edition] (Remastered & Expanded Edition)
It's Beginning to Look a Lot Like Christmas,Tony Desare (토니 데세어),Christmas Home
Jingle Bell Rock (Original 12' Ver.),Bobby Helms,추억의 크리스마스 캐롤 재즈 50
Rudolph The Red-Nosed Reindeer,Ella Fitzgerald,Verve Presents: The Very Best of Christmas Jazz
White Christmas (화이트 크리스마스) (Feat.Tania Furia) (2016 Remastered Ver.),Rosemary Clooney,흑백 영화 크리스마스 재즈
한번 더 이별,성시경,한번 더 이별
좋을텐데,성시경,Melodie d' Amour
The Christmas Song (Merry Christmas To You) (1999 Digital Remaster),Nat King Cole,The Christmas Song
CAN'T STOP THE FEELING! (from DreamWorks Animation's "TROLLS"),Justin Timberlake,CAN'T STOP THE FEELING!
Uptown Funk (Feat. Bruno Mars),Mark Ronson,Uptown Funk (Feat. Bruno Mars)
New Rules,Dua Lipa,Dua Lipa (Deluxe)
You Are The Sunshine Of My Life (Album Ver.),Stevie Wonder,The Definitive Collection
No Time To Die,Billie Eilish,No Time To Die
Have Yourself A Merry Little Christmas (Remastered),Frank Sinatra,올드 팝 재즈 크리스마스 캐롤 Frank Sinatra
Have Yourself A Merry Little Christmas (영화 '나 홀로 집에', '하우 투 비 싱글') (Remastered),Ella Fitzgerald,내 생애 최고 영화 7080 팝 크리스마스 재즈 캐롤
Without Me,Liss,First
32,Jeremy Passion,For More Than a Feeling
Here We Go Again / Fanboi,Ardhito Pramono,Craziest thing happened in my backyard
Stronger Than,Gabe Bondoc,ONE EP
When I Die,Alexander 23,I'm Sorry I Love You - EP (Explicit Ver.)
Have Yourself A Merry Little Christmas,Sam Smith,Have Yourself A Merry Little Christmas
Never Not,Lauv,I met you when I was 18. (the playlist)
Nervous (Acoustic),Gavin James,Nervous (Acoustic)
12:45 (Stripped),Etham,12:45 (Stripped)
Dancing With Your Ghost,Sasha Alex Sloan,Self Portrait
Flower,Johnny Stimson,Flower
Falling In Love (feat. Natalie Major),SakaZan,Falling In Love
Snowman,Sia,Everyday Is Christmas (Snowman Deluxe Edition)
Empire Ants (feat. Little Dragon),Gorillaz,Plastic Beach
Mad at Disney,salem ilese,Mad at Disney
Stressed Out,Twenty One Pilots,Blurryface
Open Arms,Journey,Escape
Give Me The Night,George Benson,Give Me The Night
러브송,7공주,겨울...봄, 여름, 가을
Reminiscence,Vanilla Mood,테일즈위버 OST
공원에서,유희열,여름날 (유희열 소품집)
봄날, 벚꽃 그리고 너,에피톤 프로젝트,열여덟, 열아홉 OST
Sakamoto: Merry Christmas Mr. Lawrence,Sakamoto Ryuichi,Playing The Piano
Don't Cry,더 크로스,Melody Quus
챔피언,싸이 (PSY),Psy 3집
그 남자 그 여자 (Feat. 장혜진),바이브,Re - Feel
Nobody,원더걸스,The Wonder Years - Trilogy
주문-MIROTIC (Original Ver.),동방신기 (TVXQ!),The 4th Album ‘MIROTIC’
Tell me (Sampling From 'Two Of Hearts'),원더걸스,The Wonder Years
거짓말,BIGBANG (빅뱅),Always
좋은 사람 (Feat. 김형중),토이,Fermata
All I Want for Christmas Is You,Mariah Carey,Merry Christmas (Deluxe Anniversary Edition)
Emotions,Mariah Carey,Emotions
Love On Top,Beyonce,4
오늘의 기분,CHEEZE (치즈),I can't tell you everything
Sunrise,Simply Red,Home
So Beautiful,DPR IAN,So Beautiful
Can't Wait,Chon,Grow
Oracolo,Skinshape,Oracolo
Always Tomorrow,Tokyo Tea Room,Always Tomorrow
Wavy Gravey,Okey Dokey,American Diamonds, Vol. 1
Affection,Cigarettes After Sex,Affection
Cool with You,Her's,Songs of Her's
Midnight Blue,Jaguar Jaguar,Montjoi
놓아줘 (with 태연),Crush,with HER
Break My Heart,Dua Lipa,Future Nostalgia
Lost Stars,Adam Levine,Begin Again - Music From And Inspired By The Original Motion Picture
바람아 불어라,길,R.O.A.D PROJECT #1
KISS ME,DPR LIVE,IS ANYBODY OUT THERE?
Blue World,Mac Miller,Circles
사랑할수록,부활,Color
Django,John Lewis,Evolution
It Never Entered My Mind (Remastered),Miles Davis Quartet,Take Off: The Complete Blue Note Albums
Karen/Ella Medley (Album Version),The Carpenters,The Essential Collection (1965-1997)
Cheese Cake (Remastered 1999/Rudy Van Gelder Edition),Dexter Gordon,Go! (The Rudy Van Gelder Edition)
Danny Boy,Bill Evans,Bill Evans - The Lugano Recordings Jazz Collection
Don't Know Why,Norah Jones,Come Away With Me
I'm Old Fashioned,Tommy Flanagan,Jazz Poet
Kill Like,안병웅,BARTOON 24
Soul Cookin',Quasimode,Soul Cookin'
I'll Remember April,Eddie Higgins Trio,A Fine Romance
I Love Paris,골든 스윙 밴드 (Golden Swing Band),The Golden Legacy
My Melancholy Baby,Bill Evans,A Simple Matter Of Conviction
Afternoon In Paris,John Lewis,Afternoon In Paris
이미 슬픈 사랑,야다 (Yada),Special Story
내 마음의 보석상자,해바라기,2013 해바라기 두송이
P.S. I Love You,박정현,Piece
난 널 사랑해,신효범,Shin Hyo Bum
비행기,거북이,거북이 사요!!
Falling Slowly,Glen Hansard & Marketa Irglova,원스 (Once) OST
화 (Feat. 진실 Of Mad Soul Child) (Fire),매드클라운,Piece Of Mine
Next To You (Acoustic version),Ben L'Oncle Soul,Next To You (Acoustic version)
BRB (feat. Pink Sweat$),Mahalia,BRB (feat. Pink Sweat$)
Casual (Acoustic),Jesse Barrera,Johnny Stimson,Jeff Bernat,Casual (Acoustic)
Don't Let Her,Walker Hayes,Don't Let Her
I Love You,포지션,I Love You...
힘 내! (Way To Go),소녀시대 (GIRLS' GENERATION),The First Mini Album 'Gee'
broken people,almost monday,broken people
기억의 빈자리,나얼,기억의 빈자리
Piano (Feat. iHwak),제이문 (Jay Moon),Piano (Feat. iHwak)
Paper Planes,M.I.A.,Kala
hello!,ROLE MODEL,oh, how perfect
The Truth Is In There,Ally Brooke,The Truth Is In There
F**kin' Love Songs (feat. Ebenezer),Awa,F**kin' Love Songs (feat. Ebenezer)
In Your Eyes,The Weeknd,After Hours
우리서로사랑하지는말자,기리보이,영화같게
사랑하게 될 줄 알았어,전미도,슬기로운 의사생활 OST Part 11
Would You,Pink Sweat$,Volume 1 EP
Trampoline,SHAED,MELT
Syndrome,CIKI,Syndrome
Photograph,offonoff (오프온오프),photograph
Young & Reckless,Jason Thurell,Kryga,Young & Reckless
Good Day (Feat. 팔로알토) (Prod. 코드 쿤스트),pH-1,키드밀리 (Kid Milli),루피 (Loopy),쇼미더머니 777 Episode 1
Work Out,Jvcki Wai,키드밀리 (Kid Milli),NO:EL,양홍원,스윙스,IM
Hyperreal,키드밀리 (Kid Milli),Jvcki Wai,스윙스,Hyperreal
IMJMWDP (Prod. By 기리보이),기리보이,NO:EL,블랙넛 (Black Nut),양홍원,Osshun Gum,YUNHWAY,저스디스 (JUSTHIS),Jvcki Wai,키드밀리 (Kid Milli),한요한,스윙스,IMJMWDP
IndiGO,저스디스 (JUSTHIS),키드밀리 (Kid Milli),NO:EL,양홍원,IM
WHY DO FUCKBOIS HANG OUT ON THE NET,키드밀리 (Kid Milli),AI, THE PLAYLIST
이런 엔딩,아이유,Palette
헤어져야 사랑을 알죠,스탠딩 에그,헤어져야 사랑을 알죠
넘쳐흘러,엠씨더맥스 (M.C the MAX),Circular
Cinderella Man (Explicit Ver.),Eminem,Recovery (Explicit Ver.)
25 To Life (Explicit Ver.),Eminem,Recovery (Explicit Ver.)
Cleanin' Out My Closet (Explicit Ver.),Eminem,The Eminem Show (Explicit Ver.)
Space Bound (Explicit Ver.),Eminem,Recovery (Explicit Ver.)
No Love (Feat. Lil Wayne) (Explicit Ver.),Eminem,Recovery (Explicit Ver.)
'Till I Collapse (Feat. Nate Dogg) (Explicit Ver.),Eminem,The Eminem Show (Explicit Ver.)
Mockingbird (Explicit Ver.),Eminem,Curtain Call: The Hits (Deluxe Edition) (Explicit Ver.)
When I'm Gone (Explicit Ver.),Eminem,Curtain Call: The Hits (Deluxe Edition) (Explicit Ver.)
Not Afraid,Eminem,Recovery (Edited Ver.)
Lose Yourself (From "8 Mile" Soundtrack) (Explicit Ver.),Eminem,Curtain Call: The Hits (Deluxe Edition) (Explicit Ver.)
Without Me (Explicit Ver.),Eminem,The Eminem Show (Explicit Ver.)
Not Afraid,Eminem,Not Afraid
Guts Over Fear (Feat. Sia) (Explicit Ver.),Eminem,SHADYXV (Explicit Ver.)
The Monster (Feat. Rihanna) (Explicit Ver.),Eminem,The Marshall Mathers LP2 (Deluxe) (Explicit Ver.)
Stan (Feat. Dido) (Explicit Ver.),Eminem,The Marshall Mathers LP (Explicit Ver.)
My Name Is,Eminem,The Slim Shady LP
The Real Slim Shady (Explicit Ver.),Eminem,The Marshall Mathers LP (Explicit Ver.)
순정 (純情),코요태,코요태 I
잘못된 만남,김건모,Kim Gun Mo 3
너는 알고 있을까,스탠딩 에그,Ambler
사랑한대,스탠딩 에그,Ballad With Windy
시간이 달라서,스탠딩 에그,Ambler
Once Again (With 한소현 Of 3rd Coast),스탠딩 에그,Shine
앓이 (With Windy),스탠딩 에그,앓이 With Windy
편한사이 (With Windy),스탠딩 에그,편한사이 With Windy
그 자리에 있어,스탠딩 에그,Ballad With Windy
사랑한대 (With Windy),스탠딩 에그,사랑한대 (With Windy)
그래, 너,스탠딩 에그,36.5
넌 이별 난 아직 (With 한소현 Of 3rd Coast),스탠딩 에그,With
햇살이 아파 (Feat. 마마무 '휘인', 오브로젝트 '윤닭'),스탠딩 에그,The Artist Diary Project Part.10
시간이 달라서,스탠딩 에그,시간이 달라서
Little Star,스탠딩 에그,Lucky
활주 ('나루토' 여는 노래),버즈,We 3 (투니버스 만화영화 주제가 Best)
올림포스 가디언 주제곡,god,올림포스 가디언 OST
너에게만(미소의 세상, 여는 노래),윤공주,We 2-투니버스 만화영화 주제가 Best
출사표(出師表)(행복한 세상의 족제비, 마무리 노래),유정석,We 2-투니버스 만화영화 주제가 Best
질풍가도 ('쾌걸 근육맨 2세' 1기 여는노래),유정석,쾌걸 근육맨 2세
노래가 늘었어,에일리(Ailee),노래가 늘었어
사랑은 언제나 목마르다,유미,Sad
Ballerino,리쌍,Black Sun
배가 불렀지 (Feat. GaeKo of DYNAMIC DUO),Supreme Team,Hommage To Quincy Jones
나란 놈은 답은 너다 (Feat. 하림),리쌍,AsuRa BalBalTa
수취인 불명,프리스타일,수취인불명
작은 것들을 위한 시 (Boy With Luv) (Feat. Halsey),방탄소년단,MAP OF THE SOUL : PERSONA
Shut Up & Groove (Feat. DEAN),헤이즈 (Heize),And July
널 너무 모르고,헤이즈 (Heize),/// (너 먹구름 비)
Oasis (Feat. ZICO),Crush,Oasis
All I Wanna Do (K) (Feat. Hoody, Loco),박재범,EVERYTHING YOU WANTED
니 생각 (Feat. Wilcox),OuiOui (위위),하나
BAAAM (Feat. Muzie Of UV),다이나믹 듀오,Luckynumbers
And July (Feat. DEAN, DJ Friz),헤이즈 (Heize),And July
Never Be the Same,Camila Cabello,Camila
Paris In The Rain,Lauv,I met you when I was 18. (the playlist)
선물,멜로망스,Moonlight
술이 문제야,장혜진,윤민수(바이브),술이 문제야
그리워하다,비투비,Brother Act.
사계 (하루살이),엠씨더맥스 (M.C the MAX),Circular
어디에도,엠씨더맥스 (M.C the MAX),pathos
너의 모든 순간,성시경,별에서 온 그대 OST Part.7
가을 안부,먼데이 키즈 (Monday Kiz),가을 안부
내가 저지른 사랑,임창정,I'M
어떻게 이별까지 사랑하겠어, 널 사랑하는 거지,AKMU (악뮤),항해
늦은 밤 너의 집 앞 골목길에서,노을,늦은 밤 너의 집 앞 골목길에서
오늘 취하면 (Feat. 창모) (Prod. SUGA),SURAN (수란),WINE
Red River Valley,Pete Seeger,Campfire Classics, Vol. 1
넘어와 (Feat. 백예린),DEAN,limbo
다시 난, 여기,백예린 (Yerin Baek),사랑의 불시착 OST Part 4
0310,백예린 (Yerin Baek),Every letter I sent you.
lovelovelove,백예린 (Yerin Baek),Every letter I sent you.
Cross The Street,Jazzyfact,Waves Like
Vibra,Jazzyfact,Lifes Like
숨,박효신,I am A Dreamer
Can I Love ? (Feat. 유라(youra), Meego),Cosmic Boy,Can I Love ?
러브스토리 (Feat. 크러쉬),SURAN (수란),러브스토리 (Love Story)
Greatest Love Of All,Whitney Houston,Whitney Houston
Sweet Coffee (Feat. Bassette),Mullally,Sweet Coffee (Feat. Bassette)
Someday,아이유,드림하이 OST
드림하이,택연,장우영,수지,김수현,JOO,드림하이 OST Part.1
Cherish,Blaq Tuxedo,Limousine
always,keshi,always
summer,keshi,skeletons
Get You (Feat. Kali Uchis),Daniel Caesar,Freudian
Be Kind,Marshmello,Halsey,Be Kind
사랑하기 때문에,유재하,사랑하기 때문에
Smooth Criminal,Michael Jackson,Michael Jackson: The Ultimate Collection
Don't Stop 'til You Get Enough,Michael Jackson,Off The Wall
Sk8er Boi,Avril Lavigne,Let Go
Heal The World,Michael Jackson,The Essential Michael Jackson
회복이 급해 (Feat. 하림, 호투),2BIC(투빅),회복이 급해
요즘 바쁜가봐,2BIC(투빅),Soul Mate (소울메이트)
Collect,Matthew Young,Collect
Work From Home (Feat. Ty Dolla $ign),Fifth Harmony,7/27 (Deluxe Ver.)
Cloud (Feat. 초아),프라이머리,초아,Boxtape
On Your Mark,CHAGE & ASKA,Songs Of Chage And Aska
Never Gonna Give You Up,Rick Astley,Platinum & Gold Collection
Moi,Lolo Zouai (롤로 주아이),High Highs to Low Lows
Billie Jean,Michael Jackson,Billy Jean (Digital 45)
난춘 (亂春),새소년,난춘 (亂春)
여우야,투개월,슈퍼스타K 3 Top11 Part 1
Be Be Your Love (CF - 싸이언 아이디어 현빈 편),Rachael Yamagata,Happenstance
Not Going Anywhere,Keren Ann,Not Going Anywhere
Do You Believe In Magic?,The Lovin' Spoonful,Do You Believe In Magic (Bonus Tracks)
Hydrogen,Greta,Hydrogen
Black Lemon,Generationals,Alix
Midnight City,Mood Swing,Midnight City
Hit The Road Jack,Ray Charles,Georgia On My Mind
Doctor,ちゃんみな (CHANMINA),Doctor
blue,Kamal.,blue
The Anecdote,E SENS,The Anecdote
Counting Stars,OneRepublic,Native (Deluxe Edition)
Escape (The Pina Colada Song),Rupert Holmes,'70s Pop #1's (International Ver.)
Dynamite,방탄소년단,Dynamite (DayTime Version)
Sanctuary,Joji,Sanctuary
You're Only Lonely,JD Souther,You‘re Only Lonely
Careless Whisper,WHAM!,The Final
Ticket To The Tropics,Gerard Joling,Best Of The Best 3(팝의 전성시대 80년대 가장 많은 사랑을 받았던 최고의 히트곡들)
Natalie Don't,RAYE,Natalie Don’t
Rock With You,Michael Jackson,Off The Wall
선잠 (나 그대의 사랑이 되리),제이레빗(J Rabbit),몬스타 OST Part 4
토요일 오후에,라즈베리필드,토요일 오후에
아침 등굣길,우쿨렐레 피크닉,Summertime Mele
데려가 (Feat. Beenzino),Supreme Team,Supremier
별이 빛나는 밤에 (Feat. Mad Clown, 강선아 Of Downstream),소리헤다,소리헤다
Tic Toc,매드클라운,Anything Goes
Beautiful Struggle (With E-Sens, Simon Dominic, 김지석),프라이머리 스코어,First Step
We're Beautiful,ABSRDST,We're Beautiful
For the Damaged Coda,Blonde Redhead,The Rick and Morty Soundtrack
Rain (Feat. Tay Keith),Aitch,AJ Tracey,Rain
여름안에서,듀스,Deux Forever
Scatman (Ski-Ba-Bop-Ba-Dop-Bop),Scatman John,Scatman's World
Jump Up, Super Star!,The Living Tombstone,Jump Up, Super Star!
I Know You so Well,Sarah Meow,Safe.
Even though you break my heart,베니니 (Benini),Lofi Beats @christmas
A Summer's Tale, 1996,lofi,C I N E M A
Forest of piano,Ahntow,Forest of piano
Dream Dealer,Jazzinuf,Miracle of the Fishes
너라는 이름의 우주에서,bearonthemars,i'm just a bear on the mars
너가 없는 화성은 외로워,bearonthemars,i'm just a bear on the mars
Frame,byvinyl,The Rimless Frame
Imaginary Friend,L'Orange,The Mad Writer
?,Notation,?
A Veces,ntvrme,A Veces
Exhausted,Hayne,Ahntow,Exhausted
Rosemary,Eevee,Unexpected
Coffee And Cigarettes, 2003,lofi,C I N E M A
hawaii sunset cruise,cos,a week in hawaii
coffee or coke,cos,coffee or coke
Lovesick,potsu,Lovesick
Breakfast (W/ lando!),potsu,Breakfast
[Oops],potsu,[Oops]
Freezing,Bren Joy,Twenties (Deluxe)
If the World Was Ending (feat. Julia Michaels) (Feat. Julia Michaels),JP Saxe,Hold It Together
HUMBLE.,Kendrick Lamar,DAMN.
Man's Not Hot,Big Shaq,Man's Not Hot
ROXANNE,Arizona Zervas,ROXANNE
Goodbyes (Feat. Young Thug),Post Malone,Goodbyes
Psycho (Feat. Ty Dolla $ign) (Explicit Ver.),Post Malone,beerbongs & bentleys (Explicit Ver.)
Don't Start Now,Dua Lipa,Future Nostalgia
Live Forever,Oasis,Definitely Maybe
Disco Man,Remi Wolf,I'm Allergic To Dogs! (Explicit Ver.)
4hours (Feat. 이바다),LAYBACKSOUND (레이백사운드),4hours
WHERE,LAYBACKSOUND (레이백사운드),WHERE
Summer Night,GRAY (그레이),Call Me Gray
위험해 (Dangerous) (Feat. 박재범),GRAY (그레이),Call Me Gray
꿈이 뭐야 (Dream Chaser) (Feat. Dok2 & 크러쉬),GRAY (그레이),Call Me Gray
Outside (Feat. Beenzino),Crush,Outside
내 얘길 들어봐,파파야,Papaya 1st
여름안에서 (Original Ver.),서연,여름안에서 (REMIX)
바다가 되고 싶어요,이예린,바다가 되고 싶어요
사람은 이상하고 사랑은 모르겠어,이예린,사람은 이상하고 사랑은 모르겠어
나의 여름,이예린,먼 마음 1/2
그대의 우주,이예린,제24회 유재하 음악경연대회
청춘 (DAY),우효,청춘
Myself,이용신,Returned Fullmoon
나의 마음을 담아 ('달빛천사' 여는노래),이용신,We 3 (투니버스 만화영화 주제가 Best)
New Future,이용신,Returned Fullmoon
아까워,Jazzyfact,Lifes Like
You've Got a Friend in Me (From "Toy Story"/Soundtrack Version),Randy Newman,토이 스토리 OST
Walking Down The Street,The Real Group,The Best-Tour Souvenir Album
If We Try,Karen Carpenter,Karen Carpenter
Dream A Little Dream Of Me,Ella Fitzgerald,The Legendary Best of Ella Fitzgerald (Prestige Elite Jazz Vocal Best Series)
다시 여기 바닷가,싹쓰리 (유두래곤, 린다G, 비룡),다시 여기 바닷가
Blowing in the Wind,Bob Dylan,Blowing in the Wind
Both Sides Now,Joni Mitchell,Both Sides Now
Song For My Father (Remastered 1998/Rudy Van Gelder Edition),Horace Silver,Song For My Father
이 밤이 지나면,임재범,On The Turning Away
So Good,Omar Apollo,Friends
South,Galimatias,South
Cold Feet,Tayo Sound,Runaway (EP)
Leaves,Ben&Ben,Leaves
Personal (Explicit Ver.),Emotional Oranges,The Juice: Vol. I (Explicit Ver.)
West Coast Love,Emotional Oranges,The Juice: Vol. II (Explicit Ver.)
Cherry Red Wine,Luther Allison and Friends,Pay It Forward
우리 이별을 마주하던 그 밤 아래,그_냥,두_울
하늘색 풍선,god,Chapter 3
촛불하나,god,Chapter 3
Vieni Su (Say You Love Me, Too),Dean Martin,That‘s Amore: The Best of Dean Martin
Circles,Post Malone,Hollywood's Bleeding (Explicit Ver.)
Honey In The Summer,PUBLIC,Honey In The Summer
Affection (Feat. Ahu),Grooveman Spot,Change Situations
Lake Shore Drive,Aliotta Haynes Jeremiah,The Best Of Skip Haynes & Aliotta Haynes Jeremiah：Part 1
Rubberband Man (어벤져스: 인피니티 워 삽입곡),The Spinners,Happiness Is Being With Spinners
Ain't No Mountain High Enough,Marvin Gaye and Tammi Terrell,Greatest Hits
Girls Like You (Cardi B Version) (Feat. Cardi B) (Explicit Ver.),Maroon 5,Red Pill Blues (Deluxe) (Explicit Ver.)
The Sun,Maroon 5,Songs About Jane : 10th Anniversary Edition
Earth,Lil Dicky,Earth
Best Part (Feat. Daniel Caesar),H.E.R.,H.E.R.
Anticlimax (Explicit Ver.),Mae Muller,Anticlimax (Explicit Ver.)
Table for Two,edbl,Tilly Valentine,Bran Mazz,Table for Two
The Way Things Were,edbl,Isaac Waddington,The Way Things Were
Mulholland Drive,Josef Lee,Mulholland Drive
FIESTA,IZ*ONE (아이즈원),BLOOM*IZ
Mine (You Can't Find Love in Mollywood),Lauv,Without You
Wham Bam Shang-a-Lang (Guardians of the Galaxy) (Originally Performed By Silver),New Tribute Kings,Guardians of the Galaxy Mixtape Vol. 2 (Covers)
Fooled Around And Fell In Love,Elvin Bishop,Southern Rock Gold
뜨거운 안녕 (Vocal 이지형),토이,이지형,Thank You
네 생각으로 멈추지 않는 밤 (Feat. 109),소각소각,네 생각으로 멈추지 않는 밤 (Feat. 109)
오늘보다 내일의 너를 더 좋아하겠지,소각소각,오늘보다 내일의 너를 더 좋아하겠지
눈,SURL (설),Aren't You?
new (이브),이달의 소녀,Yves
한(一),(여자)아이들,한(一)
love4eva (Feat. Grimes),이달의 소녀 yyxy,beauty&thebeat
니 곁이라면,성시경,왕이 된 남자 OST Part.6
잊혀지는 것들에 대하여,성시경,다시 꿈꾸고 싶다
아니면서,성시경,처음
원래 좋아하면 이렇게 되나 봐,소각소각,원래 좋아하면 이렇게 되나 봐
민들레 (full ver.),우효,민들레
NOT ENOUGH,Benny Sings,NOT ENOUGH
늘 그대,양희은,성시경,뜻밖의 만남 #9. 늘 그대
Run Devil Run,소녀시대 (GIRLS' GENERATION),'Run Devil Run' The 2nd Album (Repackage)
Kissing You,소녀시대 (GIRLS' GENERATION),소녀시대
소녀시대 (Girls' Generation),소녀시대 (GIRLS' GENERATION),소녀시대
Love Breaks Down,PREP,OVER
장미,4월과 5월,미사리 포크 연가(戀歌)(오리지날 & 라이브 앨범)
붐바야,BLACKPINK,SQUARE ONE
Virtual Insanity,Jamiroquai,High Times (Singles 1992 - 2006)
Warm On A Cold Night,HONNE,Warm On A Cold Night
The Ocean (Feat. Shy Martin) (Radio Edit.),Mike Perry,The Ocean (Feat. Shy Martin) (Radio Edit.)
Foolsong (Explicit Ver.),Still Woozy,Lately EP (Explicit Ver.)
Camped,RINI,Camped
Fake Optics,Ardhito Pramono,a letter to my 17 year old
Our Youth,All The Rest,Our Youth
Over Your Shoulder,Chromeo,Over Your Shoulder
Le Sud,L'Indecis,Playtime
Canned Heat,Jamiroquai,High Times (Singles 1992 - 2006)
Man In The Mirror,Michael Jackson,The Essential Michael Jackson
Fly Me To The Moon,Julie London,The End Of The World / Nice Girls Don't Stay For Breakfast
만약에 말야 (전우성 Solo),노을,TIME FOR LOVE
그리워 그리워,노을,그리움
청혼,노을,These Are The Times
하지 못한 말,노을,TIME FOR LOVE
Dance Dance,Cage The Elephant,Social Cues
Secrets (Explicit Ver.),The Weeknd,Starboy (Explicit Ver.)
BLUE MOON (Prod. GroovyRoom),효린,창모 (CHANGMO),BLUE MOON
Sunday (Feat. 헤이즈, 박재범),그루비룸 (GroovyRoom),EVERYWHERE
빈집 (Prod. By dnss) (Feat. THAMA),기리보이,3곡
가뭄 (Feat. Beenzino),팔로알토 (Paloalto),Daily Routine
Fly Me To The Moon,Frank Sinatra,Let's Face The Music
Everything Happens To Me,Chet Baker,It Could Happen To You
I Fall In Love Too Easily,Chet Baker,My Funny Valentine
Barracuda,Heart,The Essential Heart
나만 안되는 연애,볼빨간사춘기,Full Album RED PLANET
여행,볼빨간사춘기,Red Diary Page.2
나비와 고양이 (feat.백현 (BAEKHYUN)),볼빨간사춘기,사춘기집Ⅱ 꽃 본 나비
Koop Island Blues (Feat. Ane Brun) (기아자동차 로체 '추성훈'편),Koop,Koop Islands
사랑의 한가운데 (Feat. 선우정아),안녕의 온도,사랑의 한가운데
무지개,안녕의 온도,느껴봐
Lovelines,Karen Carpenter,Karen Carpenter
하루 하루,BIGBANG (빅뱅),Stand Up (2008 빅뱅 3rd Mini Album)
Wait,Earth, Wind & Fire,The Essential Earth, Wind & Fire
Shine On,George Duke,Dream On (Bonus Track Ver.)
Night Moods,Major Harris,How Do You Take Your Love
Everlasting Love,Billy Ocean,Nights (Feel Like Getting Down)
Dreamin',The Manhattans,Too Hot to Stop It (Expanded Ver.)
Blinding Lights,The Weeknd,Blinding Lights
Randy,Justice,Woman
Need Her Love,Electric Light Orchestra,Discovery
Can't Take My Eyes Off You,Frankie Valli,The Definitive
Summer Holiday,Cliff Richard,Platinum Collection
Hang On Little Tomato (안녕 프란체스카 희진과 이켠 테마),Pink Martini,Hang On Little Tomato
나만, 봄,볼빨간사춘기,사춘기집Ⅰ 꽃기운
에잇(Prod.&Feat. SUGA of BTS),아이유,에잇
Dancing,Mellow Fellow,Dancing
BOSSA YESHUA,Mellow Fellow,Jazzie Robinson
민들레 (single ver.),우효,민들레
Goodbye Seoul,혁오 (HYUKOH),24 : How to find true love and happiness
비몽,코요태,필립 4집
날개,언타이틀,The Blue Color
Show,김원준,Show
언젠가는,이상은 (=Lee-tzsche),Darkness - 언젠가는
잊지 말기로 해 (Duet With 김현철),장필순,장필순
Leaning on You,PREP,Line by Line
Maniac,Conan Gray,Maniac
행복한 나를,김예림 (Lim Kim),응답하라 1994 OST Part 5
Fields Of Gold,Eva Cassidy,Songbird
That's What Friends Are For,Dionne Warwick,Elton John,Gladys Knight,Stevie Wonder,The Collection
Can't Fight This Feeling,REO Speedwagon,Stranger Things: Soundtrack from the Netflix Original Series, Season 3
Arthur's Theme (Best That You Can Do),Christopher Cross,The Best Of Christopher Cross
Ebony Concerto,Woody Herman And His Orchestra,The Woody Herman Collection 1937-56
K.C. Blues,Don Ellis & His Orchestra,Autumn
So What,Miles Davis,Kind Of Blue (Legacy Edition)
Chicago,Sufjan Stevens,Illinois
Father And Son,Cat Stevens,Tea For The Tillerman (Remastered)
봄을 그리다,어반자카파,[01]
사랑을 구하는 사람,WELOVE,사랑을 구하는 사람
City Of Stars (From "La La Land" Soundtrack),Ryan Gosling,Emma Stone,라라 랜드 OST
Blurry (Feat. Dbo) (Prod. By PEEJAY),빈지노 (Beenzino),Blurry (Feat. Dbo) (Prod. By PEEJAY)
서울 밤 (feat. 빈지노),어반자카파,서울 밤
아끼지마 (Feat. 초아(AOA), 아이언) (Don't Be Shy),프라이머리,2
~42 (Feat. 샘김 (SAM KIM), 에스나 (eSNa)),프라이머리,신인류
Right? (Feat. 소유),프라이머리,Pop
Slow down (Feat. Meego, 김하온 (HAON)),프라이머리,3-PAKTORY02
When I fall in love (Feat. Meego, 수란),프라이머리,3-PAKTORY02
Saturday Night's Alright (For Fighting),Elton John,Rocket Man (Non EA)
청춘은 무슨,임세모,안녕하세모
Theme Of Mirai,Yamashita Tatsuro,Theme Of Mirai / Music Train
Playing Games,Miki J,Japanese Boogie & Disco, Vol.2
생각 생각 생각 (Feat. 수민),뮤지,Color of night
지구가 멈춰버렸으면,Obze (오브제),지구가 멈춰버렸으면
hot girl bummer,blackbear,hot girl bummer
Soaked,BENEE,FIRE ON MARZZ
Juice,Lizzo,Cuz I Love You (Deluxe)
Feels So Good,Chuck Mangione,Feels So Good
Whiskey and Morphine,Alexander Jean,Head High
Glitter,BENEE,FIRE ON MARZZ
Splendor In The Grass,Pink Martini,Splendor In The Grass
Loves The Jobs You Hate,HONNE,Loves The Jobs You Hate
아담스 패밀리 (The Addams Family)의 'The Addams Family',Various Artists,알쓸신잡! 미드 주제가 TOP100 (100 TV Themes Best Collection)
My Family (from "The Addams Family"),Migos,Karol G,Snoop Dogg,Rock Mafia,My Family (from "The Addams Family")
Harness Your Hopes (B-side),Pavement,Brighten The Corners: Nicene Creedence Ed.
Every Planet We Reach Is Dead,Gorillaz,Demon Days
가려진 시간 사이로,윤상,윤상2 - Part I
Oh! Darling (Remastered 2009),The Beatles,Abbey Road (Remastered)
Uptown Girl,Billy Joel,The Essential
Always,Bon Jovi,Cross Road (The Best Of Bon Jovi)
Watermelon Sugar,Harry Styles,Fine Line
Back to Life (from "Bumblebee"),Hailee Steinfeld,Back to Life (from "Bumblebee")
Shaky in the Knees,Grizfolk,Shaky in the Knees
Star Wars (Main Theme),John Williams,London Symphony Orchestra,Star Wars: The Empire Strikes Back (Original Motion Picture Soundtrack)
Valleys,Honors,Valleys
Fiona Coyne,Saint Pepsi,Fiona Coyne / Fall Harder
Crazy,Aerosmith,O, Yeah! Ultimate Aerosmith Hits
Martini Haze,sucozy,maddyxp,Martini Haze
Take My Breath Away (Love Theme From 'Top Gun'),Berlin,탑건(Top Gun) OST - Special Expanded Edition
Dang! (Feat. Anderson .Paak),Mac Miller,The Divine Feminine
Fox on the Run (From 'Guardians of the Galaxy Volume 2' Movie Trailer),Sweet,Fox on the Run (From 'Guardians of the Galaxy Volume 2' Movie Trailer)
Bellbottoms,Blues Explosion,베이비 드라이버 OST
Baby Let Me Take You (In My Arms),The Detroit Emeralds,베이비 드라이버 OST
Southern Nights,Glen Campbell,Southern Nights
Bring It On Home To Me,Sam Cooke,Portrait Of A Legend (Remastered)
The Chain,Fleetwood Mac,Rumours (Super Deluxe)
P.D.A. (We Just Don't Care),John Legend,Once Again
There's A Kind Of Hush,The Carpenters,A Kind Of Hush
Wondering (From "High School Musical: The Musical: The Series"),Olivia Rodrigo,Julia Lester,Wondering (From "High School Musical: The Musical: The Series")
Fakes & Lies,August,Fakes & Lies
Dazed & Confused,Ruel,Dazed & Confused
Stand By Me,Oasis,Be Here Now
Wonderwall,Oasis,(What's The Story) Morning Glory?
Feels So Good (Single Version),Chuck Mangione,A&M Gold Series
Movin',Gregory Porter,Liquid Spirit (Special Edition)
Running,LEISURE,Twister
Square (2017),백예린 (Yerin Baek),Every letter I sent you.
첫 겨울이니까,성시경,아이유,첫 겨울이니까
Love Never Felt So Good,Michael Jackson,XSCAPE (Deluxe Ver.)
I Saw Mommy Kissing Santa Claus,The Jackson 5,20th Century Masters: The Christmas Collection: Jackson 5
Give Love On Christmas Day,The Jackson 5,Christmas Album
크리스마스 카드 (Vocal 김형중),토이,김형중,Thank You
Champagne Supernova,Oasis,(What's The Story) Morning Glory?
Speak Now,Taylor Swift,Speak Now
穢土 / Edo (예토),iwamizu,Alone
Man in the Mirror,Michael Jackson,The Very Best of Michael Jackson Live to Air
Something / Blue Jay Way (Love Version),The Beatles,Love
술이 달다 (Feat. Crush),에픽하이 (EPIK HIGH),sleepless in __________
Freezing (Main),MoZella,Belle Isle
Up,Sing Street,싱 스트리트 OST
아로하,쿨 (COOL),First Whisper
Toy,블락비 (Block B),Blooming Period
아가씨2 (阿哥氏),뮤지,Color of night
To Find You,Sing Street,싱 스트리트 OST
You've Changed,Sia,You've Changed
Gum, Toe and Sole,Gus Dapperton,Yellow and Such
Drop It Like It's Hot (Feat. Pharrell Williams) (Explicit Ver.),Snoop Dogg,R&G (Rhythm & Gangsta): The Masterpiece (Explicit Ver.)
Sunshine (Feat. Santti),Cat Dealers,LOthief,Sunshine (Feat. Santti)
Champagne Supernova (Remastered),Oasis,(What's The Story) Morning Glory? (Remastered) (Standard Ver.)
Wham Bam Shang-A-Lang,Silver,Silver
Don't You Worry 'Bout A Thing (From "Sing" Original Motion Picture Soundtrack),Tori Kelly,Sing (Original Motion Picture Soundtrack Deluxe)
Drive It Like You Stole It,Sing Street,싱 스트리트 OST
Warm On A Cold Night,HONNE,Warm On A Cold Night (Deluxe)
3am,HONNE,Gone Are The Days (Shimokita Import)
Lights Up,Harry Styles,Fine Line
I.F.L.Y.,Bazzi,Soul Searching
That's Life,Frank Sinatra,That's Life
Rhapsody In Blue,George Gershwin,The Essential George Gershwin
Last Night On Earth,Green Day,21st Century Breakdown (Tour Edition)
Sh-Boom,The Crew Cuts,Hits We Remember (Pop & Doo Wop), Vol. 2
Where The Wild Things,Labrinth,Where The Wild Things
歸らざる日日 / Kaerazaru Hibi (돌아갈 수 없는 날들),Hisaishi Joe,붉은 돼지 OST
Wham Bam Shang-a-Lang,Silver,Vol. 2 Guardians of the Galaxy: Awesome Mix Vol. 2 (Original Motion Picture Soundtrack)
3am,HONNE,Warm On A Cold Night (Deluxe)
Painkiller,Ruel,Painkiller
Martini Blue,DPR LIVE,Her
I Belong To You,Caro Emerald,The Shocking Miss Emerald
Pass the Rhyme (Feat. Changmo, Dok2),수퍼비 (SUPERBEE),1집 : Rap Legend
Away (Feat. Othello),Re:Plus,miscellany
('Cause) I'm Your Girl,S.E.S.,S.E.S.
비 오는 날이 좋아질 것 같아 (With 참깨와 솜사탕),새봄 (saevom),10' 비 오는 날이 좋아질 것 같아
Can't Sleep Love,Pentatonix,Pentatonix Super Edition
New Rules,Dua Lipa,Dua Lipa (Complete Edition)
BLUE BOTTLE,lofi,BLUE TUMBLER
이여름  Summer,쿨 (COOL),Forever
Serendipity (Feat. Tamala & Takurah),Nishihara Kenichiro,Kaleidoscope Suite -Best mix and Remixes-
사랑한다는 말로도 위로가 되지 않는,브로콜리너마저,졸업
새벽 (Midnight),김아름,Lonely
야간비행 (魔女の花),백예린 (Yerin Baek),Our love is great
let's go picnic,죠지,cassette
asap (Feat. myunDo, Donutman & G2),The Quiett,glow forever
좋아하고 있어요,유키카,좋아하고 있어요
Blanc (Feat. George),ADOY,LOVE
네가 없어,김아름,Lonely
Love Is Far Away,Kehdii (케디),Love Is Far Away
#seoulcitypopfreestyle,홈보이 (Homeboy),원슈타인,#seoulcitypopfreestyle
& New,아이디 (Eyedi),& New
Cocoshine,divin',The Puzzle Of Time
1호선,레인보우 노트 (Rainbow note),1호선
너의궤도,dosii (도시),dosii
Heart Attack (츄),이달의 소녀,Chuu
Hi High,이달의 소녀,[+ +]
Girl Front,이달의 소녀 오드아이써클,Mix & Match
선 (Line),김아름,선 (Line)
La La La (Feat. Sam Smith),Naughty Boy,La La La
Latch (Feat. Sam Smith),Disclosure,Settle (Special Edition)
Elevator (Feat. Art),Marcus D,Pink Lemonade
복숭아,아이유,스무 살의 봄
I'm In Love (Piano RMX),라디 (Ra. D),RealCollabo + RMX
사랑이 잘 (With 오혁),아이유,사랑이 잘
Beautiful Things (Feat. Amanda Diva),Nishihara Kenichiro,Kaleidoscope Suite -Best mix and Remixes-
이게 아닌데,존박,Knock
폰서트,10CM,4.0
Too Late,존박,Inner Child
네온 (NEON),유키카,네온 (NEON)
I Feel You,원더걸스,REBOOT
Blow Your Mind,Jamiroquai,Emergency On Planet Earth / The Return Of The Space Cow Boy (Coffret 2 CD)
lovememore.,dosii (도시),dosii
Falling (Feat. Russ),Rexx Life Raj,Falling (Feat. Russ)
Feelings,Lauv,Feelings
샛별,레인보우 노트 (Rainbow note),샛별
Stay Tune,Suchmos,Stay Tune
GIRL Feat. Ryohu,Suchmos,The Bay
Still Remember (R.I.P. Nujabes),PDP,Tribute To Jun 2
우우우 (Feat. 이루펀트),케이시 (Kassy),Ooh Ooh Ooh
Coming Up Roses,Keira Knightley,Begin Again - Music From And Inspired By The Original Motion Picture
설레 (Feat. 백예린 Of 15&),올티 (Olltii),졸업
What You Won't Do For Love,Gemini,Brand New Addiction
I Like It,Jazztronik,Repro
Dream,Music Shower,Dream
Booty Swing,Parov Stelar,The Princess Part Two
Rise Up,Andra Day,Cheers to the Fall
가만히 우울을,달에닿아,가만히 우울을
여기에 있자,SURL (설),bright #7
내 맘이 바다야,안녕의 온도,내 맘이 바다야
멍,참솜 (Chamsom),꿈결 1/4 ‘closer’
SPACE BOY,Sunday Off (썬데이오프),SPACE BOY
사이,CIKI,사이
I Love You 3000,Stephanie Poetri,I Love You 3000
Polaroid,Jonas Blue,Liam Payne,Lennon Stella,Polaroid
8 Letters,Why Don't We,8 Letters
나는 아무것도 아닙니다,어노인팅,어노인팅 예배캠프 2017
고백(Go Back) (Feat.정인),다이나믹 듀오,Double Dynamite
파도,유엔,Traveling You
Non, Je Ne Regrette Rien,Edith Piaf,Platinum
영원,핑클 (Fin.K.L),영원
여름아! 부탁해,인디고,인디고 1집
우연,베이비복스,Baby V.O.X Special Album
South Of The River,Tom Misch,Geography
Adventure of a Lifetime,Coldplay,A Head Full of Dreams
The House Of The Rising Sun,The Animals,Sixties
Come Back to Earth,Mac Miller,Swimming
Line by Line (feat. Cory Wong & Paul Jackson Jr),PREP,Line by Line
주 나와 함께하시니 (시편23편),WELOVE,WELOVE ON THE RIVER
워커홀릭,볼빨간사춘기,Two Five
Futures (Edited Ver.),PREP,FUTURES
All I Need,Sam Ock,Stages
But I've still got the blues for you,Mr.KiD,Cold Star
씨스루 (Feat. Zion.T, 개코 Of 다이나믹듀오),프라이머리,Primary And The Messengers LP
Karen/Ella Medley (From 'Music, Music, Music' TV Special, 1980),Karen Carpenter,Ella Fitzgerald,As Time Goes By
당신과는 천천히,장범준,장범준 3집
Still Fighting It,Ben Folds,Rockin' The Suburbs
Desperado (Eagles),이정아,슈퍼스타K 3 Top11 Part 2
Mrs. Robinson,Simon & Garfunkel,Bookends
Sipping My Life (Bonus Track),존박,Inner Child
목요일 밤 (feat.빈지노),어반자카파,[05]
ABC,The Jackson 5,Gold
La La (Album Version),Ashlee Simpson,Autobiography (Bonus Track)
Let's Dance,David Bowie,Let‘s Dance
Rock This Town,Stray Cats,Rock This Town - The Collection
Jumping Jack Flash,The Rolling Stones,Shine A Light
그녀가 말했다 (With 권진아),토이,Da Capo
슬픔속에 그댈 지워야만 해,이현우,Black Rainbow
8282,다비치,Davichi In Wonderland
사랑과 전쟁 (Narr. 하하),다비치,Vivid Summer Edition (1st Amaranth Repackage Album)
거짓말,god,Chapter 3
Loving You,Michael Jackson,XSCAPE (Deluxe Ver.)
예수로 살리,플레이트 (PLATE),MARKERS COMMUNITY STUDIO WORSHIP Vol.2
가까이 하고 싶은 그대,Nami (나미),Nami Best 'My Story And... 45'
텅빈 오늘 밤,유재하,사랑하기 때문에
그대 떠난후,이상은 (=Lee-tzsche),이상은 2집
오래된 친구,빛과 소금,오래된 친구
한걸음더,윤상,윤상 Best
한걸음 더,윤상,응답하라 청춘뮤직 1990s
Like That,Charming Jo (조매력),Like That
친구라도 될 걸 그랬어,거미,Like Them
Memories... (Smiling Tears),윤미래,Gemini
리플리히,이성욱,아이 러브 유 OST
The Rose,Bette Midler,The Rose
Time In A Bottle,Jim Croce,Best Of The Best 2
Little April Showers (Karaoke Version),SBI Audio Karaoke,Sbi Gallery Series - Kids Movies, Vol. 2 (Karaoke Version)
April Showers,Russ Conway,All About - Russ Conway (루스 콘웨이 - 언제 들어도 매력적인 명곡 추천) (High-Quality)
Movie,Tom Misch,Geography
FANCY,TWICE (트와이스),FANCY YOU
바보같이 또 울어요 (Feat. Minos Of 이루펀트),김필,Take#1,Take#1 - Vol.1
비,폴킴,비
그대라는 시,태연 (TAEYEON),호텔 델루나 OST Part.3
Dissolve,Absofacto,Thousand Peaces
내 입술 따뜻한 커피처럼 (Feat. 이성경) (Prod. by 박근태),에디킴,내 입술 따뜻한 커피처럼
Young,ADOY,Young
Wonder,ADOY,LOVE
Day 1 ◑,HONNE,Love Me / Love Me Not
Stay Tune,Suchmos,The Kids
Ceremony,Special Favorite Music,Ceremony
Baby Baby,Special Favorite Music,World's Magic
Night On The Town (Feat. Cise Star, Substantial & Funky DL),Marcus D,Melancholy Hopeful
미스터리 (Feat. San E),박지윤,미스터 (Mr.)
소중한 사랑,박지윤,Blue Angel
토요일의 끝에서 (Feat. Blacknut),빈지노 (Beenzino),12
Grace,ADOY,CATNIP
One Summer's Day (센과 치히로의 행방불명),Hisaishi Joe,The Tokyo Concert
Who's Got You Singing Again (Edited Ver.),PREP,FUTURES
Don't Look Back (Feat. Shownu & So! YoON!),PREP,Line by Line
Break,빈지노 (Beenzino),12
錬金術 (Feat. Dok2, MINO),Ja Mezz,GOØDevil
Love Foolosophy,Jamiroquai,High Times (Singles 1992 - 2006)
closer,참솜 (Chamsom),꿈결 1/4 ‘closer’
Evergreen,Susan Jacks,MBC-FM 이종환의 음악살롱
All The Things You Are,Eddie Higgins Trio,You Are Too Beautiful
Steal Away (주인공),박지윤,Blue Angel
새벽별 (Feat. Owen Ovadoz),Son Simba (손 심바),용기
Boogie On & On,빈지노 (Beenzino),24:26 (5th Anniversary Remaster Edition)
Sunday Morning,Fourplay,X
신발끈 블루스,화나 (Fana),FANAttitude
내가 만일,화나 (Fana),FANAttitude
Magic Waltz (영화 '피아니스트의 전설'),Various Artists,한국인이 좋아하는 영화 속 피아노 베스트
10년전의 일기를 꺼내어,봄여름가을겨울,농담, 거짓말 그리고 진실
Little Monkey Rides on the Little Donkey,Sunset Rollercoaster 落日飛車,Bossa Nova 芭莎諾娃
Greedy,Sunset Rollercoaster 落日飛車,Cassa Nova 半熟王子
Almost Mature '87,Sunset Rollercoaster 落日飛車,Cassa Nova 半熟王子
Slow,Sunset Rollercoaster 落日飛車,Cassa Nova 半熟王子
Burgundy Red,Sunset Rollercoaster 落日飛車,JINJI KIKKO 金桔希子
우린 어디에나,CHEEZE (치즈),Plate
Moving On (Prod. A June & J Beat),AZitiZ,Healin' In The City Night - Moon River (힐링 인더 시티나잇 - 문 리버)
Sugar,15& (박지민, 백예린),Sugar
Star,15& (박지민, 백예린),Sugar
Bye bye my blue,백예린 (Yerin Baek),Bye bye my blue
스며들기 좋은 오늘,백예린 (Yerin Baek),A-TEEN2 Part.1
Head High,Alexander Jean,Head High
Whiskey And Morphine,Alexander Jean,Head High
I Know You Know I Love You,Sunset Rollercoaster 落日飛車,Bossa Nova 芭莎諾娃
New Drug,Sunset Rollercoaster 落日飛車,JINJI KIKKO 金桔希子
My Jinji,Sunset Rollercoaster 落日飛車,JINJI KIKKO 金桔希子
Cosmic Girl,Jamiroquai,High Times (Singles 1992 - 2006)
Seven Days In Sunny June,Jamiroquai,Dynamite
The Lady (Feat. Bumkey, Dok2),2LSON,The First
Rebirth of Cool,DJ Cam Quartet,The Essential
넌 감동이었어,성시경,Melodie d' Amour
내게 오는 길,성시경,처음처럼
안녕 나의 사랑,성시경,여기, 내 맘속에...
차마...,성시경,Double Life ; The Other Side
난 좋아,성시경,처음
밤, 별,블루램 (Blue lamb),밤, 별
Sometimes,oftn (오픈),Sometimes
Mystline,Nujabes,사무라이 참프루 OST
After Hanabi -Listen to My Beats-,Nujabes,2nd Collection
Flowers,Nujabes,Modal Soul
Reflection Eternal,Nujabes,Modal Soul
Luv (sic) Part.2,Nujabes,Luv (sic) Hexalogy
Aruarian Dance,Nujabes,사무라이 참프루 OST
Luv (sic.) Pt. 3 (Feat. Shing02),Nujabes,Modal Soul
The Space Between Two World,Nujabes,사무라이 참프루 OST
Embrace,UseMind,Master Class,Darley,Embrace
A Glimmer Of Light,Master Class,Darley,A Glimmer Of Light
NO.456,Master Class,NO.456
Your Lies (Feat. 일레인),Master Class,Your Lies
NO.461,Master Class,NO.461
NO.462,Master Class,NO.462
Brought Blues,Master Class,Brought Blues
Shikino Uta / 四季ノ唄,MINMI,사무라이 참프루 OST
Feather (Feat. Cise Starr & Akin from CYNE),Nujabes,Modal Soul
F.I.L.O. (Feat. Shing02),Nujabes,Metaphorical Music
Luv (Sic) Pt2 - Acoustica - (Feat. Shing02),Nakamura Haruka,Melodica
Lady Brown (Feat. Cise Starr from CYNE),Nujabes,Metaphorical Music
Plenty,Guru,Streetsoul
Taste Of You (Feat. Taprikk Sweezee),TOWA TEI,BIG FUN
You Are The Sunshine Of My Life,Lisa Ono,Pretty World
I Wish You Love,Lisa Ono,Best 1997-2001
Let's Make Love,Fourplay,Heartfelt
벚꽃 레이스,달에닿아,벚꽃 레이스
The Sound Of Silence,Paul Simon,Over The Bridge Of Time: A Paul Simon Retrospective (1964-2011)
Shake That (Remix) (Album Version (Explicit)) (Explicit Ver.),Nate Dogg,Eminem,Obie Trice,Bobby Creekwater,Eminem Presents The Re-Up (Explicit Ver.)
Shake That (Feat. Nate Dogg) (Explicit Ver.),Eminem,Curtain Call: The Hits (Deluxe Edition) (Explicit Ver.)
I Need A Doctor (Feat. Eminem & Skylar Grey),Dr. Dre,I Need A Doctor
The Next Episode (Feat. Snoop Dogg) (Explicit Ver.),Dr. Dre,2001 (Explicit Ver.)
Still D.R.E. (Feat. Snoop Dogg) (Explicit Ver.),Dr. Dre,2001 (Explicit Ver.)
In My Blood,Shawn Mendes,Shawn Mendes
Singing In The Rain,Gene Kelly,Frank Sinatra And Friends
Bridge Over Troubled Water,Simon & Garfunkel,The Essential Simon & Garfunkel (Re-Brand)
로켓트,잔나비,로켓트
Time To Love,악토버(OCTOBER),A Good Year
Karen/Ella Medley (This Masquerade/My Funny Valentine,Karen Carpenter,As Time Goes By
벌써 12시,청하,벌써 12시
Seoul Music,Eddie Higgins Trio,Portraits Of Love
Scarborough Fair,Simon & Garfunkel,Old Friends Live On Stage
The Sound Of Silence,Simon & Garfunkel,시네마 천국(영화 속 아름다운 사랑 풍경 그리고 멜로디)
what are you so afraid of,XXXTENTACION,SKINS
Look At Me!,XXXTENTACION,Revenge
Jocelyn Flores,XXXTENTACION,17
changes,XXXTENTACION,? (Explicit Ver.)
SAD!,XXXTENTACION,SAD!
그때가 좋았어,케이시 (Kassy),그때가 좋았어
단 한사람,고유진 (플라워),소문난 칠공주 OST
하늘나라,혁오 (HYUKOH),24 : How to find true love and happiness
One Day (Feat. Ryan Tedder) (Explicit Ver.),Logic,YSIV (Explicit Ver.)
Wow Thing,슬기 (SEULGI),신비 (여자친구),청하,전소연,Wow Thing
노래방에서,장범준,장범준 3집
나랑 아니면,검정치마,TEAM BABY
Luv (sic) Pt.2,Shing02,Kei Nishikori meets Nujabes
Tsurugi No Mai,Nujabes,사무라이 참프루 OST
너의 몸에 벤 (Feat. Beenzino),벤 (VEN),VEN THE FIRST MINI ALBUM 'THE VGINS'
Life In Color,빈지노 (Beenzino),Life In Color
OKGO (Feat. E SENS),빈지노 (Beenzino),OKGO
Time Travel,빈지노 (Beenzino),12
찍고있어,값진,찍고있어_MLSL_xbition
WABS,화나 (Fana),FANACONDA
I Feel It Coming (Feat. Daft Punk) (Explicit Ver.),The Weeknd,Starboy (Explicit Ver.)
2002,Anne-Marie,Speak Your Mind (Deluxe)
Gang Gang Schiele,혁오 (HYUKOH),24 : How to find true love and happiness
Paradise,Coldplay,Mylo Xyloto
Too Young to Die (12' Version),Jamiroquai,Emergency On Planet Earth / The Return Of The Space Cow Boy (Coffret 2 CD)
After Hanabi -Listen to My Beats-,Nujabes,Kei Nishikori meets Nujabes
Sonnymoon,Fourplay,Esprit De Four
Another Day Of Sun (With Radios),La La Land Cast,La La Land - The Complete Musical Experience (コンプリートミュージカルエクスペリエンス)
졸업 (이젠 안녕),올티 (Olltii),졸업
하루종일,Jazzyfact,Waves Like
？!. (Feat. DJ Pumkin),Jazzyfact,Lifes Like
Kissinterlude,Jazzyfact,Lifes Like
Friday Move (TGIF),Jazzyfact,Lifes Like
Up up and away,Jazzyfact,Waves Like
Young Knight,Jazzyfact,Waves Like
On My Wave (Feat. 김효은),Jazzyfact,Waves Like
Don Emoji$,Jazzyfact,Waves Like
Journey,Jazzyfact,Waves Like
이바보,원더걸스,The Wonder Years
그건 아마 우리의 잘못은 아닐 거야,백예린 (Yerin Baek),Our love is great
Shinjuku Twilight,Eddie Higgins Trio,If Dreams Come True
Time Remembered,Bill Evans,전설의 아날로그 재즈 명곡 GOLD
Forrest Gump (Feat. Mayson The Soul),팔로알토 (Paloalto),Cheers
Hard To Say I'm Sorry / Get Away (Remastered),Chicago,Now More Than Ever: The History Of Chicago
Love Foolosophy (Remastered),Jamiroquai,High Times - Singles 1992-2006
연애소설 (Feat. 아이유),에픽하이 (EPIK HIGH),WE'VE DONE SOMETHING WONDERFUL
Magic Carpet Ride,Fourplay,Elixir
HONG KONG,잔나비,MONKEY HOTEL
사라지는 계절,랄라스윗 (lalasweet),너의세계
날개뼈 (Hot Wings) (Feat. 효린 Of Sistar),다이나믹 듀오,Luckynumbers
Cosmic Girl (Remastered),Jamiroquai,High Times - Singles 1992-2006
Stella By Starlight,Eddie Higgins Trio,Dear Old Stockholm
아에이오우 어!? (Feat. Loquence, 최적화, Planet Black, Kebee, The Quiett, MC Meta),Soul Company,The Bangerz (더 뱅어즈)
밤이 되니까,펀치 (Punch),밤이 되니까
Jasmine,DPR LIVE,Her
두근두근(DKDK),프로미스나인,To. Day
海の見える街 / Umino Mieru Machi (바다가 보이는 마을),Hisaishi Joe,마녀 배달부 키키 OST
The Legend Of Ashitaka,Hisaishi Joe,원령공주 OST
Princess Mononoke (With Vocals),Yoshikazu Mera,원령공주 OST
Still Crazy After All These Years,Karen Carpenter,Karen Carpenter
Good Day,Paul,Good Day
BOUNDARY,HUS (허밍어반스테레오),V
피노키오,프로미스나인,To. Heart
Brisk Yellow,Blazo,Colors Of Jazz
Do It,Tuxedo,Tuxedo
Butterfly,Jason Mraz,The Studio Album Collection, Volume One
I Won't Give Up,Jason Mraz,The Studio Album Collection, Volume One
돌아오지마 (Feat. 용준형 Of 비스트),헤이즈 (Heize),돌아오지마
Honmono (Feat. Black Nut),키드밀리 (Kid Milli),Maiden Voyage II
FRIENDS,Marshmello,Anne-Marie,Speak Your Mind (Deluxe)
Do You Think About Me ('하트 시그널 2' 타이틀 음악),Benjamin Ingrosso,Do You Think About Me
Best Mistake (Feat. Big Sean),Ariana Grande,My Everything (Deluxe)
우주를 건너,백예린 (Yerin Baek),FRANK
Life Of Pi,도넛맨 (Donutman),New World
EVERYTHING,검정치마,TEAM BABY
아름다운 사실,m.e.l.o.n,Over The Rainbow
Lost Stars,Maroon 5,V (Asia Tour Edition)
Moanin' (Remastered),Art Blakey,Moanin' (Expanded Edition)
I Remember Clifford,Stan Getz,Didn't We
The Field,Sound Providers,너도 떠나보면 나를 알게 될 거야
IDGAF,Dua Lipa,Dua Lipa (Complete Edition)
운명처럼,박보람,베이식 (Basick),맨투맨 OST
사랑이라오,달총 (CHEEZE),이번 주 아내가 바람을 핍니다 OST
생각이나,부활,25th Anniversary: Retrospect
Scarborough Fair / Canticle,Simon & Garfunkel,Parsley, Sage, Rosemary And Thyme
Self Care,Mac Miller,Swimming
It All Turns Out Great (Feat. MC Newsense From Artofficial & Nate Vibez) (Black Chiwawa Remix),Re:Plus,Colors Of Life
Think About' Chu,아소토 유니온,Sound Renovates A Structure
Phobia (포비아),OHZE (오제),Phobia(포비아)
Days Are Gone,Sergeant Jay,Lotus
Space Cowboy (Remastered),Jamiroquai,High Times - Singles 1992-2006
Lemon Suga Pop,Jazzinuf,Audio Bartending
Shoot The Moon,Norah Jones,Come Away With Me
Corcovado (Quiet Nights Of Quiet Stars) (Feat. Astrud Gilberto & Antonio Carlos Jobim),Stan Getz,Joao Gilberto,Astrud Gilberto's Finest Hour
The Nu-jazz Lover,Sergeant Jay,Lotus
Hyperreal,Jvcki Wai,키드밀리 (Kid Milli),스윙스,IM
Love Is A Song,윤석철트리오,Love Is A Song
이 노래가 클럽에서 나온다면,우디 (Woody),이 노래가 클럽에서 나온다면
Espresso,Jazzinuf,The Harlem Barber Swing
Fresh Orange,Blazo,Colors Of Jazz
Blue Bossa,Eddie Higgins Trio,You Are Too Beautiful
A Cup Of Coffee,DJ Okawari,Kaleidoscope
Coffee Time,The Cancel,Coffee Cafe
The Final View,Nujabes,Metaphorical Music
Rebirth Of Cool,DJ Cam Quartet,Bondax & Friends - The Mix Album
Coffee Shop,Barbra Lica,I'm Still Learning
Learn To Love,Jxxn (진),Learn To Love
4pm Cafe,170hz,4pm Cafe
갈 수가 없어,벤,이번 생은 처음이라 OST Part.8
사랑하긴 했었나요 스쳐가는 인연이었나요 짧지않은 우리 함께했던 시간들이 자꾸 내 마음을 가둬두네,잔나비,봉춤을 추네
One Kiss,Calvin Harris,Dua Lipa,One Kiss
띵 (Prod. By 기리보이),Jvcki Wai,양홍원,Osshun Gum,한요한,Dingo X Indigo Music
소나기,부활,기억상실
Im Closing My Eyes (Feat. shiloh),potsu,Im Closing My Eyes
Summer Samba (So Nice),Astrud Gilberto,Walter Wanderley Trio,A Certain Smile, A Certain Sadness (Expanded Edition)
Moonlight Song (The Nu-jazz Lover pt. 3),Sergeant Jay,Lotus
First Class,SoulChef,Healin' In The City Night . 1 (힐링인더시티나잇 1집)
Dancing in the Moonlight,lofi,Dancing in the Moonlight
이즐께,참솜 (Chamsom),속마음
Haven't Met You Yet,Michael Buble,Crazy Love
Breezy,Hamel,Nobody's Tune - Special Edition (SE Asia version)
Same Boy (Feat. Loco),크루셜스타 (CRUCiAL STAR),Midnight
This Happy Madness,Stacey Kent,The Changing Lights
Don’t Lose Your Steam,Gregory Porter,Take Me To The Alley (Deluxe)
Holding On,Gregory Porter,Take Me To The Alley (Deluxe)
In Fashion,Gregory Porter,Take Me To The Alley (Deluxe)
A Night Like This,Caro Emerald,Deleted Scenes From The Cutting Room Floor
Soul Nights,Music Shower,Soul Nights
Don't Stop The Music,Jamie Cullum,Don't Stop The Music
Space Cowboy,Jamiroquai,High Times (Singles 1992 - 2006)
Firefly,Fourplay,Esprit De Four
The Vitality (Remix),Vitality,V
Jazz Bandicoot,Akryl,Jazz Bandicoot
Not A Love Song (VAVO Remix),bülow,Not A Love Song (VAVO Remix)
Sorry Not Sorry,Demi Lovato,Tell Me You Love Me (Deluxe)
Autumns Evening Breeze,Sound Providers,Playground Selected By Kissa Nico
Mind Trick,Jamie Cullum,Catching Tales
Chaconne,이루마,너에게 보내는 피아노
소년점프 (Feat. 배기성),마미손,소년점프
Caravan,Jazztronik,Cinematic
Sign Of Tomorrow,Jazztronik,Bon Voyage!
Room 204,Jazztronik,JTK
Like Nobody Else (Outro) (조인성,박시연편 “2%부족할 때” CF삽입곡),CMYK,Audition (표현의 차이)
Autumn Leaves,Eddie Higgins Trio,Essential Standards Best
Mr. Moonlight,Good Morning Airport,Mr. Moonlight
Weep,Lusrica,Blue Pathway
추억은 사랑을 닮아,박효신,The Breeze Of Sea
앞으로 잘 부탁해 (IZ*ONE ver.),IZ*ONE (아이즈원),COLOR*IZ
라비앙로즈 (La Vie en Rose),IZ*ONE (아이즈원),COLOR*IZ
비밀의 시간,IZ*ONE (아이즈원),COLOR*IZ
O' My!,IZ*ONE (아이즈원),COLOR*IZ
아름다운 색,IZ*ONE (아이즈원),COLOR*IZ
Omen (Feat. Sam Smith),Disclosure,Caracal (Deluxe)
Love It If We Made It,The 1975,Love It If We Made It
Love Never Felt So Good,Michael Jackson,Justin Timberlake,XSCAPE (Deluxe Ver.)
Cheapest Flight,PREP,FUTURES
Adventure of a Lifetime,Coldplay,Adventure of a Lifetime
LOVE BOMB,프로미스나인,From.9
CIRCLE (Feat. Tish Hyman),SAAY,CIRCLE (Feat. Tish Hyman)
Easily,Bruno Major,A Song For Every Moon
I Wonder (Feat. Erin Kim),Gowe,We Are HyperGiants (Korea Edit)
A June & J Beat - Hard 2 Get (Feat. Jas Mace Of The49Ers),A June & J Beat (에이준 앤 제이비트),Hard 2 Get
Sound Waves (Feat. DJ Hazey82 ),A June & J Beat (에이준 앤 제이비트),Jazz Nature Vol.1
삐삐,아이유,삐삐
Will You Still Love Me Tomorrow,Inger Marie,Make this moment
旅人 / Tabibito (여행자),Teshima Aoi (테시마 아오이 / 手島 葵),ゲド戰記歌集 / Gedo Senki Kashuu (게드전기가집)
꽃잎점 (하트시그널 삽입곡),PERC%NT,LISTEN 024 꽃잎점
Fix You,Coldplay,X&Y
Bartier Cardi (Feat. 21 Savage),Cardi B,Invasion of Privacy
LOVE YA!,혁오 (HYUKOH),24 : How to find true love and happiness
Wash Away (Feat. 에일리),긱스 (Geeks),Backpack
LATATA,(여자)아이들,I am
Staying For Good,Papik,Staying For Good
Misty,Ella Fitzgerald,London Symphony Orchestra,Someone To Watch Over Me
보통의 하루,정승환,나의 아저씨 OST Part.3
ASAP (Feat. myunDo, Donutman & G2),The Quiett,ASAP
Summer Madness (Feat. The Quiett),빈지노 (Beenzino),2 4 : 2 6
여름여름해 (Sunny Summer),여자친구 (GFRIEND),여자친구 Summer Mini Album 'Sunny Summer'
Sleeping Beauty (하트시그널 삽입곡),Paul,Sleeping Beauty
Say You Love Me,M.Y.M.P,Acoustic Proposal
Misty,Ella Fitzgerald,Something To Live For
I Think, I Love (Album Version),Jamie Cullum,The Pursuit
American Girl (Feat. Wafia),Ta-Ku,American Girl
One Time,Marian Hill,Sway
Dance The Night Away,TWICE (트와이스),Summer Nights
귀가본능 (Feat. JINBO the superfreak),사이먼 도미닉,DARKROOM
Whatever You Do (Feat. Gray),Crush,Crush On You
Meditation,윤미래,Gemini
Across the Room (Feat. Leon Bridges),Odesza,A Moment Apart
Playinwitme (Feat. Kehlani),KYLE,Light of Mine (Deluxe)
Midsummer Madness (Feat. Joji, Rich Brian, Higher Brothers & AUGUST 08),88rising,Head In The Clouds
HAVE A GOOD NIGHT (Feat. ELO),WOOGIE,REWIND MY TAPE part.1
너가 필요한 것 같아 (Baby Can I),범키,챈슬러,산체스 (Sanchez),태완 (Taewan),양다일,MXM,BRANDNEW YEAR 2017 'BRANDNEW SEASON'
Black SpiderMan (Feat. Damian Lemar Hudson) (Explicit Ver.),Logic,Everybody (Explicit Ver.)
Feels (Feat. Pharrell Williams, Katy Perry & Big Sean),Calvin Harris,Funk Wav Bounces Vol.1
Overload (Feat. Miguel),John Legend,DARKNESS AND LIGHT
Faded Love (Feat. Future),Tinashe,Faded Love (Feat. Future)
Ob-La-Di, Ob-La-Da (Remastered 2009),The Beatles,The Beatles 1967 - 1970 (Remastered)
Yesterday (Remastered 2015),The Beatles,1 (Remastered)
Hey Jude (Remastered 2015),The Beatles,1 (Remastered)
Let It Be (Remastered 2015),The Beatles,1 (Remastered)
I Will (Remastered 2009),The Beatles,The Beatles (Remastered)
Across The Universe (Remastered 2009),The Beatles,Let It Be (Remastered)
party (SHUT DOWN) (Feat. 크러쉬),식케이 (Sik-K),H.A.L.F (Have.A.Little.Fun)
She (Hidden Track No.V 1월 선정곡),잔나비,She
미안해,양다일,inside
더 나은 사람,구름,Cloud. 1 '더 나은 사람'
마피아,구름,Cloud. 4 'Mafia'
지금껏 그랬듯 앞으로도 계속,구름,Cloud. 2 '지금껏 그랬듯 앞으로도 계속'
True Romance (엔딩 테마),Citizens!,뷰티 인사이드 OST
Close Your Eyes,Rhodes,Close Your Eyes
Wolves,Selena Gomez,Marshmello,Wolves
Slide (Feat. Frank Ocean & Migos),Calvin Harris,Funk Wav Bounces Vol.1
Beautiful People,Sam Ock,Simple Steps (Deluxe Edition)
Desire,Years & Years,Desire
Mine,Bazzi,COSMIC
I Don't Like It, I Love It (feat. Robin Thicke & Verdine White),Flo Rida,My House
High Hopes,Kodaline,In A Perfect World
Trouble (Feat. Jennifer Hudson) (Explicit Ver.),Iggy Azalea,Reclassified (Explicit Ver.)
The Simple Things,Michael Carreon,Love Adolescent
Bad Things,Machine Gun Kelly,Camila Cabello,bloom (Re-issue)
This Is America,Childish Gambino,This Is America
미아,아이유,Lost And Found
오랜만이야,임창정,Return To My World
Crazy,Lost Frequencies,Zonderling,Crazy
Our Time,Lily Allen,Sheezus (Special Edition)
연애 (Feat. Hanyi),프리스타일,Dry&Wet
인형의 꿈,러브홀릭,좋은 사람 OST
기다리다,윤하 (YOUNHA),Audition
How Long,Charlie Puth,Voicenotes
Unstoppable (FKJ Remix),Lianne La Havas,Unstoppable (FKJ Remix)
HandClap,Fitz & The Tantrums,Fitz and The Tantrums (Deluxe Edition)
Done for Me (feat. Kehlani),Charlie Puth,Voicenotes
오늘밤도,펀치 (Punch),오늘밤도
Perhaps Love (사랑인가요),하울,제이,궁 OST
What Lovers Do (Feat. SZA),Maroon 5,Red Pill Blues (Deluxe Edition)
Sign of the Times,Harry Styles,Harry Styles
Flames,David Guetta,Sia,Flames
Lost In Japan,Shawn Mendes,Lost In Japan
All Falls Down (Feat. Noah Cyrus, Digital Farm Animals),Alan Walker,Different World
Intro (Narr. David a.k.a 김성원),CHEEZE (치즈),Recipe!
어떨까 넌 (Inst.),CHEEZE (치즈),수상한 파트너 OST Part.4
사랑이라오 (Inst.),달총 (CHEEZE),이번 주 아내가 바람을 핍니다 OST Part.4
I Still (Inst.),CHEEZE (치즈),사랑의 온도 OST Part.3
사랑이라오 (Inst.),달총 (CHEEZE),이번 주 아내가 바람을 핍니다 OST
어떨까 넌 (Inst.),CHEEZE (치즈),수상한 파트너 OST
Room #501 (Inst.),CHEEZE (치즈),Room #501
Do It Again (Inst.),CHEEZE (치즈),Do It Again
살금살금 서커스 (Inst.),CHEEZE (치즈),Mystery Girl
개와 고양이,CHEEZE (치즈),Recipe!
Do It Again (Feat. Kebee),CHEEZE (치즈),Do It Again
I Still (Inst.),CHEEZE (치즈),사랑의 온도 OST
I Still (Piano Ver.),CHEEZE (치즈),사랑의 온도 OST Part.3
Alone (With Molo),CHEEZE (치즈),Alone
I Still (Piano Ver.) (Inst..),CHEEZE (치즈),사랑의 온도 OST Part.3
I Still (Piano Ver.) (Inst.),CHEEZE (치즈),사랑의 온도 OST
어떨까 넌 (Guitar Ver.),CHEEZE (치즈),수상한 파트너 OST
다음에 또 만나요 (Inst.),CHEEZE (치즈),SHORT FILM 'Sequence #1'
빠빠빠 (Feat. BrotherSu),CHEEZE (치즈),Recipe!
From (Feat. RealCollabo),CHEEZE (치즈),Recipe!
우리는 네발로 걷지,CHEEZE (치즈),Recipe!
Be There (Radio Ver.),CHEEZE (치즈),Be There
Sleep,CHEEZE (치즈),Recipe!
나홀로 집에 (Home Alone) (2014 Ver.),CHEEZE (치즈),잘 다녀와요
잘 다녀와요 (RMX Ver.),CHEEZE (치즈),잘 다녀와요
좋아해 (bye) (Inst.),CHEEZE (치즈),좋아해 (bye)
어떻게 생각해 (쏘카 드라이빙 뮤직 Vol.1),CHEEZE (치즈),쏘카 X 매직스트로베리사운드 (Summer Night Breeze)
I Still (Piano Ver.),CHEEZE (치즈),사랑의 온도 OST
누가 우리 치즈를 옮겼을까,CHEEZE (치즈),Recipe!
I Still,CHEEZE (치즈),사랑의 온도 OST
Mystery Girl,CHEEZE (치즈),Mystery Girl
나홀로 집에 (Home Alone),CHEEZE (치즈),나홀로 집에 (Home Alone)
왜 그랬을까 (Feat. 달총 of CHEEZE, 김민석 of 멜로망스),빌리어코스티,SPF 50 PA+++
Have A Nice Day,CHEEZE (치즈),Recipe!
How Can I Do,CHEEZE (치즈),Q
왜 그랬을까 (Feat. 달총 Of CHEEZE, 김민석 Of 멜로망스),빌리어코스티,웃자고 한 얘기
Pinocchio (피노키오),CHEEZE (치즈),Pinocchio (피노키오)
거짓말처럼 (Eng Ver.),CHEEZE (치즈),SHORT FILM 'Sequence #3'
Room #501,CHEEZE (치즈),Room #501
이 밤,CHEEZE (치즈),Recipe!
Balloons,CHEEZE (치즈),Balloons
벚꽃잎(Spring in me) (Duet. 달총 of CHEEZE),예성 (YESUNG),Here I am - The 1st Mini Album
어차피 잊을 거면서 (Feat. CHEEZE),준호 (2PM),CANVAS
결혼해주오,CHEEZE (치즈),Recipe!
사랑이라오,달총 (CHEEZE),이번 주 아내가 바람을 핍니다 OST Part.4
어떨까 넌,CHEEZE (치즈),수상한 파트너 OST
이제 뭐라고 (Feat. Kirin),CHEEZE (치즈),이제 뭐라고 (Feat. Kirin)
깊이 아래로,CHEEZE (치즈),Q
잘 다녀와요,CHEEZE (치즈),잘 다녀와요
Alone,CHEEZE (치즈),Alone
Purple Rain (Feat. CHEEZE),이민혁 (HUTA),Piece of BTOB Vol.5
I Still,CHEEZE (치즈),사랑의 온도 OST Part.3
Ticket (Remastering Ver.),CHEEZE (치즈),CHEEZE 1.5집 Plain
Balloons (Remastering Ver.),CHEEZE (치즈),CHEEZE 1.5집 Plain
Pinocchio (피노키오) (Remastering Ver.),CHEEZE (치즈),CHEEZE 1.5집 Plain
Mystery Girl (Remastering Ver.),CHEEZE (치즈),CHEEZE 1.5집 Plain
Room #501 (Remastering Ver.),CHEEZE (치즈),CHEEZE 1.5집 Plain
모두의 순간,CHEEZE (치즈),CHEEZE 1.5집 Plain
Be There,CHEEZE (치즈),Be There
Mood Indigo,CHEEZE (치즈),Q
좋아해 (bye),CHEEZE (치즈),좋아해 (bye)
거짓말처럼,CHEEZE (치즈),SHORT FILM 'Sequence #3'
긴 꿈에서,CHEEZE (치즈),SHORT FILM 'Sequence #2'
다음에 또 만나요,CHEEZE (치즈),SHORT FILM 'Sequence #1'
Perhaps Love (사랑인가요) (Prod.By 박근태),에릭남 (Eric Nam),CHEEZE (치즈),Your BGM Vol.1
퇴근시간,CHEEZE (치즈),CHEEZE 1.5집 Plain
부탁 (Acoustic),비스윗,Lost Of Spring
21,DEAN,130 Mood : TRBL
첫사랑,버스커 버스커,버스커 버스커 1집
On A String,Mamas Gun,The Life And Soul
Hope Springs Eternal,Witness,The Everafter (Japan Special Edition)
How Deep Is Your Love (From "Saturday Night Fever" Soundtrack),Bee Gees,Timeless - The All-Time Greatest Hits
A Lovely Night,Ryan Gosling,Emma Stone,라라 랜드 OST
Heart Shaker,TWICE (트와이스),Merry & Happy
잘 (I'm fine) (With 슬리피, 로꼬, 후디),GRAY (그레이),건반 위의 하이에나
Love Is Pain (Duet. Deez),피노다인(Pinodyne),피쉬
꿈처럼,벤,또 오해영 OST Part.2
LIKEY,TWICE (트와이스),twicetagram
Chocoholic (Feat. Swings),크루셜스타 (CRUCiAL STAR),The Best
Boogie Night (Feat. Makesense & D.C),랍티미스트,The Best
Be My Luv,The Quiett,The Best
코끼리 공장의 해피엔드 (Feat. Junggigo),이루펀트,The Best
아에이오우 어 ?! pt.2,Soul Company,The Best
진흙 속에서 피는 꽃 (Feat. Kebee & MC Meta),The Quiett,The Best
Take The Q Train,The Quiett,The Best
시간이 없어,크루셜스타 (CRUCiAL STAR),The Best
월하독주 (Feat. D.C),Loquence,The Best
백설공주,키비,The Best
상자 속 젊음 (Feat. Paloalto),The Quiett,The Best
의뢰인,화나 (Fana),The Quiett,제리케이 (Jerry.k),키비,The Best
Red Sun,화나 (Fana),The Best
숨은 보석,제리케이 (Jerry.k),The Best
Brothers Of Brothers (Feat. DJ Wreckx),DJ Wegun,The Best
K-Bonics,라임어택 (RHYME-A-),The Best
Superstar (Feat. Celma),이루펀트,The Best
Strike The Gold (Feat. The Quiett),매드클라운,The Best
Coasal (Feat. DJ Wegun),랍티미스트,The Best
Teamworks,Soul Company,The Best
Tonight (Feat. 샛별),크루셜스타 (CRUCiAL STAR),The Best
올빼미족 (Feat. KOORAM, Dino.T),값진,감정기록
각자의 자리 (Feat. 두원),값진,감정기록
잠 못 들어 (Feat. Rakon),값진,감정기록
있으나 마나,값진,감정기록
하고 싶은 건 해야 돼 (Feat. POY),값진,감정기록
말하기 직전,값진,감정기록
헤픈엔딩 (Feat. 조원선 Of 롤러코스터),에픽하이 (EPIK HIGH),신발장
노땡큐 (Feat. MINO, 사이먼 도미닉, 더콰이엇),에픽하이 (EPIK HIGH),WE'VE DONE SOMETHING WONDERFUL
i,Kendrick Lamar,i
U & I (With Crush & 빈지노),토이,Da Capo
내가 너의 곁에 잠시 살았다는 걸,토이,김연우,You Hee Yeol
Intro,참솜 (Chamsom),마음거리
딱좋아,참솜 (Chamsom),마음거리
돈,김태균 (TAKEWON),녹색이념
Somebody That I Used To Know (The Voice Performance),Christina Grimmie,Adam Levine,Somebody That I Used To Know
Drunk In The Morning,Lukas Graham,Lukas Graham
나를 깨워주는,양다일,Us
고속 (Prod. By Big Pie),기리보이,신고식 5곡
Boyfriend,Justin Bieber,Boyfriend
Rack City,Tyga,Rack City
Good Time (르노삼성자동차 New SM3 광고음악),Owl City,Carly Rae Jepsen,Good Time
What Makes You Beautiful,One Direction,What Makes You Beautiful
Lights,Ellie Goulding,Halcyon
Yonkers,Tyler, The Creator,Goblin
Goblin,Tyler, The Creator,Goblin
All Of Me,John Legend,Love In The Future (Standard)
Chandelier,Sia,Chandelier (Single)
Titanium (Feat. Sia),David Guetta,Nothing But The Beat Ultimate
Shooting Stars,Bag Raiders,Bag Raiders
空中散步 / Kuuchuu Sanpo (공중 산책),Hisaishi Joe,하울의 움직이는 성 OST
人生のメリ-ゴ-ランド / Jinseino Merry-Go-Round (인생의 회전 목마) (Opening Song),Hisaishi Joe,하울의 움직이는 성 OST
Last Carnival,Acoustic Cafe,For Your Memories
바람이 불었으면 좋겠어,길구봉구,바람이 불었으면 좋겠어
소격동,아이유,소격동
Cake By The Ocean,DNCE,SWAAY
Roses (Feat. ROZES),The Chainsmokers,Roses (Feat. ROZES)
One Dance (Feat. WizKid & Kyla),Drake,Views (Explicit Ver.)
Good Times (Feat. Babylon),팔로알토 (Paloalto),Cheers
오랜 날 오랜 밤,AKMU (악뮤),사춘기 하 (思春記 下)
7 Years,Lukas Graham,Lukas Graham
Sorry,Justin Bieber,Sorry
잊어야 한다는 게,참솜 (Chamsom),마음거리
주여호와는 광대하시도다,나얼,Back To The Soul Flight
귀로,나얼,Back To The Soul Flight
My Everything,브라운 아이드 소울,Soul Free
Nothing Lasts Forever,Maroon 5,It Won't Be Soon Before Long
Changing Of The Seasons,Two Door Cinema Club,Changing Of The Seasons
밤편지,아이유,밤편지
하기 싫은 말,먼데이 키즈 (Monday Kiz),하기 싫은 말
내 고향 서울엔,검정치마,내 고향 서울엔
A Higher Place,Adam Levine,Begin Again - Music From And Inspired By The Original Motion Picture
Reality (영화 '라뭄' OST),Various Artists,영화는 끝나도 음악은 남아있다
성인,기리보이,성인식
Skit (Feat. Swings),기리보이,Skit
예쁘잖아,기리보이,예쁘잖아
마에스트로 (Maestro),창모 (CHANGMO),돈 벌 시간 2
아름다워,창모 (CHANGMO),돈 벌 시간 2
휘파람,BLACKPINK,SQUARE ONE
Hypnotize,The Notorious B.I.G.,Greatest Hits
Go,브라운 아이드 소울,Soul Free
마음을 베는 낫,참솜 (Chamsom),마음거리
봄날, 벚꽃 그리고 너,에피톤 프로젝트,긴 여행의 시작
Girls Girls,원더걸스,Wonder World
다시 만난 세계 (Into The New World),소녀시대 (GIRLS' GENERATION),다시 만난 세계
행복하지 말아요,엠씨더맥스 (M.C the MAX),Solitude Love...
녹아요,TWICE (트와이스),TWICEcoaster : LANE 2
두치치타치치,TOM,72초TV '72초 OST'
톡톡 (Tok Tok) (Feat. SOYA),마이티 마우스,Mighty Fresh
KNOCK KNOCK,TWICE (트와이스),TWICEcoaster : LANE 2
무중력 (Feat. 달총 Of Cheeze, 쟈코비 플래닛),올티 (Olltii),무중력
노래,Zion.T,OO
당연하지 않은 이야기,랄라스윗 (lalasweet),너의세계
갈매기,도넛맨 (Donutman),Lost In Melodies Pt.1
힙합의 원리,도넛맨 (Donutman),힙합의 원리
HER,블락비 (Block B),HER
You & I,Jeremih,You & I
oui,Jeremih,Late Nights: The Album (Explicit Ver.)
Don't Let Me Down (Feat. Daya),The Chainsmokers,Don't Let Me Down (Feat. Daya)
Love Yourself,Justin Bieber,Purpose (Deluxe)
나르시스 (Narcissus),휘인 (Whee In),김희철&김정모,나르시스 (Narcissus) - SM STATION
Bang Bang (Feat. Hittman & Knoc-Turn'al) (Explicit Ver.),Dr. Dre,2001 (Explicit Ver.)
팔베개,브라더수,Paper
달빛이 지고,임세주,해를 품은 달 OST (Special Edition)
밀당의 고수,에디킴,너 사용법 Deluxe Edition
컬러풀,랄라스윗 (lalasweet),너의세계
두 손, 너에게 (With 최백호),스웨덴세탁소,마음
또 하루 (Feat. 개코),개리,또 하루
슬픔 속에 그댈 지워야만 해,정승환,박윤하,K팝 스타 시즌4 - 캐스팅 오디션 Part.1
자격지심 (Feat. 은하 Of 여자친구),박경,자격지심
Trippin',Eric Benet,Lost In Time (Deluxe)
널 사랑하지 않아,어반자카파,STILL
장마,정인,Melody Remedy
나비잠 (Sweet Dream),김희철,민경훈,나비잠 (Sweet Dream) - SM STATION
말꼬리,윤종신,정준일,行步 2011 尹鍾信
넌 살아있다,버즈,넌 살아있다
Live High,Jason Mraz,The Studio Album Collection, Volume One
은인,버즈,Perfect
She Will Be Loved,Maroon 5,Songs About Jane Special Tour Edition
Those Were The Days,Mary Hopkin,Golden Pops 1
사랑 그렇게 보내네,김영근(지리산소울),아윤(Ayun),슈퍼스타K 2016 #5
NEXT PAGE,TWICE (트와이스),TWICEcoaster : LANE 1
PIT-A-PAT,TWICE (트와이스),TWICEcoaster : LANE 1
1 TO 10,TWICE (트와이스),TWICEcoaster : LANE 1
JELLY JELLY,TWICE (트와이스),TWICEcoaster : LANE 1
ONE IN A MILLION,TWICE (트와이스),TWICEcoaster : LANE 1
TT,TWICE (트와이스),TWICEcoaster : LANE 1
우주를 줄게,볼빨간사춘기,Full Album RED PLANET
젖고있어,빈지노 (Beenzino),12
What Do You Mean?,Justin Bieber,Purpose (Deluxe)
New Life (Feat. Donutman),라이프 오브 하지 (Life of Hojj),Life Changes EP
예쁜 너니까,앤츠 (Ants),Ants Say
좋아 너, 밤새도록,앤츠 (Ants),Ants Say
바람이 불면 (Duet. 조민후),달에닿아,바람이 불면 (Duet. 조민후)
심술,볼빨간사춘기,Half Album RED ICKLE
푸르던,아이유,CHAT-SHIRE
제주도의 푸른 밤,성시경,성시경 Remake Album
잊지 말기로 해 (Bonus Track),성시경,권진아,Winter Wonderland
우린 서로를 모른 채,좋아서하는밴드,저기 우리가 있을까
달을 녹이네,좋아서하는밴드,우리가 계절 이라면
아무도 혼자가 아닌 시간,달에닿아,Swimming Star
하기나 해 (Feat. Loco),GRAY (그레이),grayground. 01
스냅백 (Snapback),IN&CHOO (인앤추),휴가
눈물 (Feat. 유진 Of 더 씨야),리쌍,이단옆차기 프로젝트 Vol.02
회상 (Feat. 백지영),리쌍,AsuRa BalBalTa
I'm gonna be a star (CD Only),TWICE (트와이스),PAGE TWO
Rain Drop,아이유,잔소리
목소리 (Feat. 개리 Of 리쌍),백지영,Good Boy
Love Love Love (Feat. Yoong Jin Of Casker),에픽하이 (EPIK HIGH),Remapping The Human Soul
시간을 달려서 (Rough),여자친구 (GFRIEND),여자친구 3rd Mini Album 'SNOWFLAKE'
Look Down,Hugh Jackman,Russell Crowe,The Convicts,레미제라블 OST
On My Own,Samantha Barks,레미제라블 OST
One Day More,Les Miserables Cast,레미제라블 OST
Do You Hear The People Sing?,Aaron Tveit,Eddie Redmayne,Students,Les Miserables Cast,Les Misérables: The Motion Picture Soundtrack Deluxe (Deluxe Edition)
I Dreamed A Dream (From "Les Misérables"),Anne Hathaway,레미제라블 OST
RESPECT (Feat. GRAY & DJ Pumkin),로꼬,RESPECT
소중한 사랑,TWICE (트와이스),PAGE TWO
Touchdown,TWICE (트와이스),PAGE TWO
Woohoo,TWICE (트와이스),PAGE TWO
Headphone 써,TWICE (트와이스),PAGE TWO
미쳤나봐,TWICE (트와이스),THE STORY BEGINS
Candy Boy,TWICE (트와이스),THE STORY BEGINS
Like a Fool,TWICE (트와이스),THE STORY BEGINS
니가 참 좋아,쥬얼리,3집 Beloved
OOH-AHH하게,TWICE (트와이스),THE STORY BEGINS
CHEER UP,TWICE (트와이스),PAGE TWO
난 별,이소라,8
어떻게 생각해,CHEEZE (치즈),Q
R.I.C.O. (Feat. Drake),Meek Mill,Dreams Worth More Than Money
무궁화,매드클라운,도넛맨 (Donutman),보이비,#Gun,쇼미더머니 5 Episode 1
Mood Indigo,CHEEZE (치즈),Mood Indigo
Holiday,Bee Gees,Their Greatest Hits: The Record
How Deep Is Your Love,Bee Gees,Their Greatest Hits: The Record
Can't Take My Eyes Off You,Morten Harket,Wild Seed
Desperado,Eagles,The Complete Greatest Hits (Remastered)
Moon River (Remastered),Henry Mancini & His Orchestra,티파니에서 아침을 OST
Donna Donna,Joan Baez,한국인이 가장 좋아하는 7080 팝송베스트
Diamonds And Rust,Joan Baez,Diamonds
Mary Hamilton (드라마 '응답하라 1988' / 양희은 '아름다운 것들' 원곡),Joan Baez,응답하라 7080 Folk Pop Song Vol.1 (추억의 포크 팝송, 샹송, 칸초네 베스트)
Jumper,Third Eye Blind,Third Eye Blind
Wake Me up When September Ends,Green Day,American Idiot (Deluxe)
Hot Summer,비프리 (B-Free),Hot Summer
자리 (Feat. 김박첼라),Andup (앤덥),The Speaker Of Teen EP
Timeline (Feat. Crucial Star),Andup (앤덥),Talk about : L
Can't Sleep Love,Pentatonix,Pentatonix (Deluxe Ver.)
Alright (Explicit Ver.),Kendrick Lamar,To Pimp A Butterfly (Explicit Ver.)
Shalom,BewhY (비와이),SHALOM
아에이오우 어 ?!,Soul Company,The Best
지붕 위의 바이올린 (Feat.가리온),프라이머리 스쿨,Step Under The Metro
The Time Goes On,BewhY (비와이),Time Travel
누워서 떡 먹기 (Feat. 인크레더블),Ugly Duck,DJ Wegun,누워서 떡 먹기
데칼코마니 (Feat. 바버렛츠),화나 (Fana),데칼코마니
기시감 (Feat. 달총 Of Cheeze),Andup (앤덥),기시감
기시감 (Feat. 달총 Of Cheeze),Andup (앤덥),Let's Talk About
Diamond (Feat. Soulman),피노다인(Pinodyne),Pinovation
VENI VIDI VICI (Feat. DJ Wegun),지코 (ZICO),GALLERY
Full Speed Ahead,화나 (Fana),Full Speed Ahead
Too Late (Feat. Bumkey, Paloalto),2LSON,The First
The Lady (Feat. Bumkey & Dok2),2LSON,The Lady
It Was You,브라더수,It Was You
하루 끝,아이유,스무 살의 봄
Happy Things,제이레빗(J Rabbit),Looking Around
Madeleine Love,CHEEZE (치즈),CHEEZE 1.5집 Plain
달로 와요 (Feat. 주영),이루펀트,Man On The Moon
ナナカマド / Nanakamado (마가목),Teshima Aoi (테시마 아오이 / 手島 葵),ゲド戰記歌集 / Gedo Senki Kashuu (게드전기가집)
봄이 좋냐??,10CM,3.2
그 벤치,크루셜스타 (CRUCiAL STAR),The Bench '16
Can't Take My Eyes Off You,크루셜스타 (CRUCiAL STAR),Drawing #3: Untitled
Desperado,크루셜스타 (CRUCiAL STAR),Drawing #3: Untitled
우리가 있던 시간,스웨덴세탁소,From. Paris
Romance,CHEEZE (치즈),CHEEZE 1.5집 Plain
Made Me (Prod. Code Kunst),도넛맨 (Donutman),Commentary 2016
